"Player","Squad","Born","PrgC","PrgP","Gls","Ast","G+A","xG","xAG"
Brenden Aaronson,Leeds United,2000,43,86,0.04,0.11,0.15,0.15,0.16
Yunis Abdelhamid,Reims,1987,40,215,0.03,0.05,0.08,0.06,0.03
Himad Abdelli,Angers,1999,58,151,0.08,0.08,0.17,0.06,0.12
Salis Abdul Samed,Lens,2000,33,165,0.03,0.03,0.06,0.03,0.05
Matthis Abline,Auxerre,2003,14,8,0.22,0.11,0.33,0.4,0.08
Zakaria Aboukhlal,Toulouse,2000,100,72,0.36,0.18,0.55,0.42,0.12
Tammy Abraham,Roma,1997,35,54,0.33,0.12,0.45,0.45,0.15
Marcos Acu�a,Sevilla,1991,49,102,0.14,0.09,0.24,0.05,0.2
Che Adams,Southampton,1996,17,34,0.23,0.14,0.36,0.3,0.13
Sargis Adamyan,Koln,1993,12,24,0.14,0.28,0.42,0.47,0.11
Karim Adeyemi,Dortmund,2002,49,47,0.39,0.32,0.71,0.33,0.24
Amine Adli,Leverkusen,2000,46,49,0.31,0.19,0.5,0.31,0.11
�lvaro Aguado,Valladolid,1996,29,139,0.05,0.1,0.14,0.05,0.11
Naouirou Ahamada,Stuttgart,2002,43,56,0.13,0.13,0.26,0.05,0.08
Jean-Eudes Aholou,Strasbourg,1994,25,50,0.21,0.07,0.28,0.08,0.07
Ola Aina,Torino,1996,35,43,0.1,0.1,0.21,0.08,0.21
Ludovic Ajorque,Mainz 05,1994,5,31,0.45,0.07,0.52,0.34,0.13
Jean-Daniel Akpa-Akpro,Empoli,1992,19,39,0.07,0.07,0.13,0.1,0.06
David Alaba,Real Madrid,1992,16,67,0.05,0.15,0.2,0.04,0.05
Jordi Alba,Barcelona,1989,42,141,0.13,0.19,0.32,0.05,0.4
Luis Alberto,Lazio,1992,73,248,0.22,0.26,0.48,0.16,0.26
Carlos Alcaraz,Southampton,2002,20,28,0.35,0.17,0.52,0.17,0.06
Omar Alderete,Getafe,1996,28,96,0.04,0.04,0.09,0.03,0.03
Carles Ale��,Getafe,1998,24,87,0.08,0.08,0.17,0.1,0.07
Trent Alexander-Arnold,Liverpool,1998,43,235,0.06,0.28,0.34,0.07,0.35
Mohamed Ali Cho,Real Sociedad,2004,30,8,0.15,0.31,0.46,0.28,0.25
Jim Allevinah,Clermont Foot,1995,82,59,0.04,0.04,0.08,0.1,0.08
Domingos Andr� Ribeiro Almeida,Valencia,2000,74,197,0.07,0.14,0.21,0.05,0.12
Miguel Almir�n,Newcastle United,1994,77,124,0.4,0.07,0.47,0.29,0.11
Agust�n �lvarez Mart�nez,Sassuolo,2001,2,6,0.24,0.24,0.49,0.36,0.1
Yeray �lvarez,Athletic Club,1995,32,152,0.04,0.04,0.08,0.03,0.04
Selim Amallah,Valladolid,1996,11,10,0.67,0.34,1.01,0.29,0.09
Bruno Amione,Sampdoria,2002,11,54,0.04,0.04,0.09,0.04,0.03
Nadiem Amiri,Leverkusen,1996,30,55,0.37,0.09,0.46,0.17,0.1
Felipe Anderson,Lazio,1993,83,114,0.27,0.06,0.33,0.18,0.15
Benjamin Andr�,Lille,1990,41,309,0.03,0.03,0.06,0.05,0.06
Komnen Andri?,Clermont Foot,1995,8,27,0.25,0.19,0.44,0.34,0.06
Robert Andrich,Leverkusen,1994,12,99,0.07,0.07,0.15,0.06,0.04
Jaidon Anthony,Bournemouth,1999,31,49,0.21,0.07,0.29,0.16,0.07
Waldemar Anton,Stuttgart,1996,56,135,0.03,0.06,0.09,0.05,0.04
Marcos Ant�nio,Lazio,2000,1,25,0.15,0.15,0.3,0.18,0.04
Michail Antonio,West Ham,1990,49,27,0.25,0.15,0.39,0.32,0.06
Antony,Manchester United,2000,95,74,0.2,0.1,0.3,0.33,0.14
Christopher Antwi-Adjei,Bochum,1994,67,36,0.14,0.27,0.41,0.1,0.17
Houssem Aouar,Lyon,1998,12,37,0.17,0.17,0.34,0.25,0.2
Adam Armstrong,Southampton,1997,39,16,0.13,0.07,0.2,0.14,0.09
Stuart Armstrong,Southampton,1992,61,75,0.13,0.06,0.19,0.15,0.14
Maximilian Arnold,Wolfsburg,1994,29,150,0.16,0.1,0.26,0.16,0.16
Arthur,Fiorentina,1998,11,21,0.5,0.06,0.57,0.49,0.05
Takuma Asano,Bochum,1994,32,34,0.16,0.16,0.32,0.29,0.11
Marco Asensio,Real Madrid,1996,56,70,0.56,0.37,0.94,0.39,0.3
Iago Aspas,Celta Vigo,1987,80,162,0.38,0.09,0.47,0.35,0.18
Tommaso Augello,Sampdoria,1994,84,119,0.06,0.15,0.21,0.03,0.11
Mathias Autret,Auxerre,1991,20,77,0.14,0.14,0.28,0.17,0.14
Ezequiel �vila,Osasuna,1994,23,39,0.42,0.11,0.53,0.35,0.09
Taiwo Awoniyi,Nott'ham Forest,1997,18,12,0.64,0.06,0.71,0.42,0.07
Jordan Ayew,Crystal Palace,1991,83,63,0.13,0.1,0.23,0.1,0.11
Luke Ayling,Leeds United,1991,28,77,0.09,0.04,0.13,0.14,0.09
Sardar Azmoun,Leverkusen,1995,11,32,0.39,0.1,0.49,0.34,0.24
Alex Baena,Villarreal,2001,50,124,0.28,0.09,0.37,0.18,0.24
Leon Bailey,Aston Villa,1997,85,28,0.18,0.18,0.37,0.24,0.22
Nedim Bajrami,Empoli,1999,22,29,0.1,0.1,0.19,0.12,0.11
Mitchel Bakker,Leverkusen,2000,28,57,0.16,0.11,0.27,0.09,0.11
Ridle Baku,Wolfsburg,1998,50,126,0.17,0.1,0.28,0.1,0.14
Alejandro Balde,Barcelona,2003,95,79,0.04,0.22,0.25,0.07,0.18
Folarin Balogun,Reims,2001,56,55,0.63,0.06,0.69,0.8,0.11
Jonathan Bamba,Lille,1996,111,146,0.19,0.23,0.42,0.27,0.21
Patrick Bamford,Leeds United,1993,17,23,0.24,0.12,0.36,0.51,0.06
Lameck Banda,Lecce,2001,86,28,0.11,0.06,0.17,0.17,0.07
L�o Baptist�o,Almer�a,1992,38,51,0.26,0.05,0.31,0.26,0.06
Bradley Barcola,Lyon,2002,51,39,0.31,0.5,0.81,0.22,0.25
Nicol� Barella,Inter,1997,76,214,0.21,0.21,0.41,0.11,0.19
Kike Barja,Osasuna,1997,61,35,0.07,0.41,0.48,0.08,0.26
Ross Barkley,Nice,1993,30,48,0.37,0.19,0.56,0.42,0.23
Harvey Barnes,Leicester City,1997,100,79,0.43,0.03,0.46,0.3,0.1
Leandro Barreiro Martins,Mainz 05,2000,17,54,0.17,0.13,0.29,0.16,0.09
Ander Barrenetxea,Real Sociedad,2001,36,27,0.31,0.1,0.41,0.31,0.12
Micka�l Barreto,Ajaccio,1991,26,87,0.07,0.07,0.14,0.06,0.13
Musa Barrow,Bologna,1998,68,58,0.14,0.37,0.5,0.14,0.22
Simone Bastoni,Spezia,1996,20,32,0.15,0.3,0.45,0.08,0.13
Christoph Baumgartner,Hoffenheim,1999,76,100,0.25,0.11,0.35,0.25,0.15
Cyrille Bayala,Ajaccio,1996,46,66,0.04,0.04,0.09,0.09,0.09
Rodrigo Bec�o,Udinese,1996,19,98,0.07,0.04,0.11,0.05,0.02
Sheraldo Becker,Union Berlin,1995,105,44,0.39,0.25,0.63,0.23,0.2
Kevin Behrens,Union Berlin,1991,11,71,0.47,0.06,0.53,0.28,0.07
J�r�mie Bela,Clermont Foot,1993,22,24,0.12,0.12,0.24,0.07,0.03
Youcef Bela�li,Ajaccio,1992,32,55,0.47,0.23,0.7,0.48,0.27
Jean-Ricner Bellegarde,Strasbourg,1998,104,153,0.07,0.22,0.3,0.1,0.19
Jude Bellingham,Dortmund,2003,97,252,0.27,0.13,0.4,0.27,0.14
Eliesse Ben Seghir,Monaco,2005,31,55,0.34,0.09,0.43,0.17,0.11
Wissam Ben Yedder,Monaco,1990,48,75,0.81,0.26,1.06,0.74,0.16
Isma�l Bennacer,Milan,1997,30,132,0.09,0.09,0.18,0.04,0.15
Sa�d Benrahma,West Ham,1995,109,82,0.26,0.13,0.39,0.31,0.2
Ramy Bensebaini,M'Gladbach,1995,40,101,0.22,0.04,0.25,0.19,0.08
Nabil Bentaleb,Angers,1994,46,176,0.14,0.14,0.29,0.11,0.08
Rodrigo Bentancur,Tottenham,1997,26,76,0.3,0.12,0.42,0.13,0.05
Karim Benzema,Real Madrid,1987,72,138,0.84,0.13,0.97,0.95,0.26
Domenico Berardi,Sassuolo,1994,57,114,0.58,0.34,0.92,0.55,0.32
Yuri Berchiche,Athletic Club,1990,59,179,0.04,0.04,0.07,0.05,0.05
�lex Berenguer,Athletic Club,1995,73,77,0.16,0.04,0.2,0.17,0.18
Mergim Berisha,Augsburg,1998,20,28,0.48,0.21,0.7,0.43,0.14
Juan Bernat,Paris S-G,1993,24,38,0.05,0.22,0.27,0.05,0.17
Beto,Udinese,1998,25,13,0.42,0.04,0.47,0.46,0.11
Jaka Bijol,Udinese,1999,3,66,0.1,0.07,0.16,0.07,0.05
El Bilal Tour�,Almer�a,2001,18,14,0.5,0.14,0.64,0.45,0.09
Philip Billing,Bournemouth,1996,37,80,0.23,0.03,0.26,0.16,0.1
Cristiano Biraghi,Fiorentina,1992,69,161,0.07,0.14,0.21,0.07,0.19
Leonardo Bittencourt,Werder Bremen,1993,51,74,0.17,0.11,0.28,0.08,0.15
Ludovic Blas,Nantes,1997,122,147,0.22,0.16,0.38,0.3,0.18
Jeremie Boga,Atalanta,1997,64,53,0.23,0.58,0.81,0.22,0.33
Giacomo Bonaventura,Fiorentina,1989,64,102,0.24,0.05,0.28,0.2,0.15
Federico Bonazzoli,Salernitana,1997,11,43,0.16,0.08,0.24,0.19,0.09
Theo Bongonda,Cediz,1995,75,39,0.19,0.14,0.33,0.24,0.14
Neto Borges,Clermont Foot,1996,69,100,0.1,0.03,0.13,0.1,0.09
Rafael Borr�,Eint Frankfurt,1995,26,34,0.17,0.17,0.33,0.34,0.16
Erik Botheim,Salernitana,2000,11,21,0.1,0.31,0.42,0.06,0.18
Hicham Boudaoui,Nice,1999,39,110,0.05,0.1,0.14,0.04,0.09
Sofiane Boufal,Angers,1993,49,56,0.43,0.32,0.76,0.39,0.32
Mehdi Bourabia,Spezia,1991,37,113,0.03,0.1,0.13,0.07,0.14
Benjamin Bourigeaud,Rennes,1994,40,264,0.21,0.29,0.5,0.26,0.34
Jarrod Bowen,West Ham,1996,102,72,0.17,0.14,0.31,0.25,0.2
Lucas Boy�,Elche,1996,58,63,0.26,0.07,0.33,0.3,0.11
Bilal Brahimi,Nice,2000,41,16,0.34,0.23,0.56,0.12,0.19
Martin Braithwaite,Espanyol,1991,32,54,0.37,0.07,0.44,0.34,0.05
Julian Brandt,Dortmund,1996,67,119,0.34,0.3,0.64,0.19,0.34
Darko Bra�anac,Osasuna,1992,18,49,0.09,0.09,0.17,0.1,0.06
Gleison Bremer,Juventus,1997,8,54,0.14,0.03,0.17,0.17,0.06
Marcelo Brozovi?,Inter,1992,29,114,0.15,0.25,0.41,0.13,0.14
Bryan,Sevilla,2001,28,22,0.2,0.2,0.39,0.28,0.07
Emi Buend�a,Aston Villa,1996,60,138,0.19,0.07,0.26,0.24,0.21
Marius B�lter,Schalke 04,1993,78,86,0.38,0.03,0.42,0.31,0.16
Facundo Buonanotte,Brighton,2004,9,13,0.16,0.16,0.32,0.22,0.09
Alessandro Buongiorno,Torino,1999,13,81,0.03,0.07,0.1,0.07,0.04
Jonathan Burkardt,Mainz 05,2000,9,14,0.17,0.34,0.51,0.5,0.18
Aur�lio Buta,Eint Frankfurt,1997,45,47,0.2,0.14,0.34,0.04,0.22
Jamie Bynoe-Gittens,Dortmund,2004,24,9,0.51,0.17,0.68,0.41,0.12
R�my Cabella,Lille,1990,113,230,0.25,0.36,0.61,0.3,0.38
Anthony Caci,Mainz 05,1997,20,90,0.09,0.04,0.13,0.03,0.11
Mois�s Caicedo,Brighton,2001,38,219,0.03,0.03,0.06,0.05,0.08
Jens Cajuste,Reims,1999,46,109,0.18,0.06,0.24,0.09,0.07
Davide Calabria,Milan,1996,26,108,0.05,0.21,0.27,0.06,0.09
Hakan �alhano?lu,Inter,1994,46,172,0.11,0.23,0.34,0.12,0.19
Dominic Calvert-Lewin,Everton,1997,18,15,0.15,0.08,0.23,0.45,0.06
Nicol� Cambiaghi,Empoli,2000,73,42,0.42,0.07,0.49,0.23,0.08
Sergio Camello,Rayo Vallecano,2001,40,42,0.22,0.19,0.41,0.27,0.09
Emre Can,Dortmund,1994,34,99,0.09,0.05,0.14,0.08,0.06
Sergio Canales,Betis,1991,82,143,0.15,0.11,0.26,0.16,0.22
Jo�o Cancelo,Manchester City,1994,72,106,0.14,0.07,0.21,0.06,0.06
Jo�o Cancelo,Bayern Munich,1994,51,61,0.09,0.36,0.44,0.06,0.21
Antonio Candreva,Salernitana,1987,71,135,0.23,0.13,0.36,0.12,0.15
Gianluca Caprari,Monza,1993,100,92,0.18,0.07,0.26,0.18,0.09
Francesco Caputo,Empoli,1987,16,21,0.26,0.21,0.47,0.39,0.12
Maxence Caqueret,Lyon,2000,46,183,0.13,0.23,0.36,0.09,0.16
Carlos,Monza,1999,87,101,0.18,0.15,0.32,0.13,0.11
Jos� Carlos Lazo,Espanyol,1996,2,4,0.57,0.57,1.13,0.13,0.13
Carmona,Sevilla,2002,9,11,0.34,0.17,0.51,0.14,0.06
Yannick Carrasco,Atletico Madrid,1993,146,84,0.27,0.12,0.39,0.31,0.16
William Carvalho,Betis,1992,46,203,0.11,0.04,0.15,0.11,0.06
Nicol� Casale,Lazio,1998,11,70,0.04,0.04,0.07,0.02,0.01
Casemiro,Manchester United,1992,14,152,0.17,0.13,0.3,0.14,0.13
Timothy Castagne,Leicester City,1995,39,106,0.06,0.08,0.14,0.06,0.07
Gaetano Castrovilli,Fiorentina,1997,12,14,0.25,0.13,0.38,0.15,0.14
Catena,Rayo Vallecano,1994,8,119,0.03,0.03,0.06,0.04,0.04
Yoann Cathline,Lorient,2002,46,29,0.08,0.08,0.17,0.12,0.05
Edinson Cavani,Valencia,1987,8,20,0.31,0.12,0.43,0.37,0.11
�lex Centelles,Almer�a,1997,17,35,0.08,0.16,0.24,0.03,0.11
Julio C�sar Enciso,Brighton,2004,39,31,0.45,0.22,0.67,0.45,0.19
Fares Cha�bi,Toulouse,2002,71,101,0.19,0.19,0.38,0.23,0.19
Xavier Chavalerin,Troyes,1991,18,95,0.15,0.07,0.22,0.06,0.08
Rayan Cherki,Lyon,2003,133,144,0.19,0.29,0.48,0.24,0.34
Federico Chiesa,Juventus,1997,46,34,0.21,0.53,0.74,0.15,0.27
Ben Chilwell,Chelsea,1996,43,41,0.13,0.13,0.26,0.09,0.14
Andreas Christensen,Barcelona,1996,18,91,0.05,0.05,0.1,0.05,0.03
Ryan Christie,Bournemouth,1995,39,71,0.05,0.05,0.1,0.14,0.12
Samuel Chukwueze,Villarreal,1999,133,85,0.23,0.19,0.42,0.25,0.16
Patrick Ciurria,Monza,1995,67,91,0.2,0.16,0.36,0.16,0.18
Alexis Claude-Maurice,Lens,1998,11,25,0.75,0.45,1.19,0.41,0.19
Jonathan Clauss,Marseille,1992,83,121,0.07,0.31,0.38,0.15,0.29
Conor Coady,Everton,1993,4,43,0.04,0.04,0.09,0.04,0.01
�lex Collado,Elche,1999,24,34,0.12,0.12,0.25,0.08,0.2
Lorenzo Colombo,Lecce,2002,14,21,0.3,0.12,0.42,0.37,0.09
Andrea Colpani,Monza,1999,31,51,0.38,0.09,0.47,0.2,0.18
Kingsley Coman,Bayern Munich,1996,98,70,0.51,0.32,0.83,0.29,0.35
Santi Comesa�a,Rayo Vallecano,1996,40,150,0.11,0.07,0.18,0.09,0.08
Abdu Cont�,Troyes,1998,32,56,0.07,0.14,0.21,0.04,0.14
�ngel Correa,Atletico Madrid,1995,44,58,0.56,0.06,0.62,0.44,0.22
Joaqu�n Correa,Inter,1994,19,29,0.28,0.09,0.38,0.33,0.12
David Pereira da Costa,Lens,2001,61,117,0.06,0.19,0.26,0.18,0.26
Nuno da Costa,Auxerre,1991,30,32,0.22,0.18,0.4,0.2,0.16
Samu Costa,Almer�a,2000,9,91,0.05,0.09,0.14,0.08,0.04
Lassana Coulibaly,Salernitana,1996,52,120,0.09,0.09,0.19,0.03,0.06
Yan Couto,Girona,2002,56,55,0.08,0.16,0.23,0.04,0.19
Nicolas Cozza,Montpellier,1999,20,48,0.14,0.07,0.21,0.1,0.05
Bryan Cristante,Roma,1995,16,142,0.03,0.03,0.06,0.08,0.04
Juan Cuadrado,Juventus,1988,48,92,0.04,0.13,0.17,0.06,0.12
Moanes Dabbur,Hoffenheim,1992,10,33,0.58,0.19,0.77,0.34,0.21
Patson Daka,Leicester City,1998,18,17,0.3,0.3,0.61,0.27,0.21
Thijs Dallinga,Toulouse,2000,23,30,0.46,0.04,0.5,0.38,0.08
Diogo Dalot,Manchester United,1999,46,92,0.04,0.08,0.13,0.1,0.08
Danilo,Nott'ham Forest,2001,13,34,0.28,0.18,0.46,0.14,0.07
Danilo,Juventus,1991,39,176,0.08,0.08,0.17,0.08,0.07
Kevin Danso,Lens,1998,34,163,0.03,0.06,0.08,0.07,0.03
Dante,Nice,1983,12,160,0.03,0.05,0.08,0.04,0.05
Sergi Darder,Espanyol,1993,111,233,0.16,0.08,0.24,0.09,0.2
Matteo Darmian,Inter,1989,22,88,0.04,0.09,0.13,0.04,0.09
Josh Dasilva,Brentford,1998,60,62,0.26,0.13,0.39,0.1,0.09
Jonathan David,Lille,2000,67,95,0.68,0.11,0.8,0.67,0.17
Alphonso Davies,Bayern Munich,2000,117,133,0.04,0.18,0.22,0.07,0.16
Ben Davies,Tottenham,1993,39,107,0.08,0.08,0.16,0.04,0.1
Pawe? Dawidowicz,Hellas Verona,1995,20,60,0.06,0.06,0.11,0.06,0.04
Kevin De Bruyne,Manchester City,1991,100,246,0.26,0.6,0.86,0.21,0.51
Rodrigo De Paul,Atletico Madrid,1994,55,182,0.09,0.33,0.42,0.07,0.26
Gr�goire Defrel,Sassuolo,1991,11,10,0.15,0.08,0.23,0.27,0.04
Brecht Dejaegere,Toulouse,1991,36,96,0.2,0.05,0.25,0.13,0.08
Romain Del Castillo,Brest,1996,47,75,0.38,0.38,0.76,0.39,0.27
Andy Delort,Nice,1991,7,19,0.69,0.12,0.81,0.62,0.16
Ousmane Demb�l�,Barcelona,1997,124,74,0.32,0.45,0.77,0.25,0.31
Kerem Demirbay,Leverkusen,1993,22,86,0.23,0.17,0.41,0.13,0.17
Ermedin Demirovi?,Augsburg,1998,26,48,0.3,0.15,0.46,0.29,0.13
Branco van den Boomen,Toulouse,1995,48,321,0.16,0.25,0.41,0.19,0.25
Emmanuel Dennis,Nott'ham Forest,1997,24,17,0.25,0.25,0.5,0.23,0.07
Fabio Depaoli,Hellas Verona,1997,28,66,0.08,0.08,0.17,0.07,0.05
Mikkel Desler,Toulouse,1995,59,136,0.04,0.08,0.12,0.03,0.08
Cyriel Dessers,Cremonese,1994,21,27,0.34,0.06,0.4,0.4,0.09
Gerard Deulofeu,Udinese,1994,72,82,0.15,0.45,0.59,0.38,0.33
Kiernan Dewsbury-Hall,Leicester City,1998,68,132,0.08,0.08,0.16,0.09,0.13
Federico Di Francesco,Lecce,1994,50,60,0.09,0.09,0.18,0.14,0.12
Giovanni Di Lorenzo,Napoli,1993,73,256,0.08,0.11,0.19,0.07,0.13
�ngel Di Mar�a,Juventus,1988,56,96,0.26,0.26,0.53,0.2,0.29
Boulaye Dia,Salernitana,1996,48,50,0.57,0.21,0.79,0.31,0.11
Moussa Diaby,Leverkusen,1999,125,104,0.3,0.27,0.57,0.37,0.27
Habib Diallo,Strasbourg,1995,40,41,0.63,0.03,0.66,0.56,0.11
Mouhamadou Diarra,Strasbourg,2004,68,52,0.17,0.11,0.28,0.1,0.12
Kr�pin Diatta,Monaco,1999,80,90,0.17,0.09,0.26,0.2,0.15
Brahim D�az,Milan,1999,80,121,0.28,0.33,0.61,0.28,0.26
Luis D�az,Liverpool,1997,39,49,0.36,0.18,0.54,0.22,0.14
Eric Dier,Tottenham,1994,9,87,0.06,0.03,0.1,0.05,0.04
Federico Dimarco,Inter,1997,45,88,0.17,0.13,0.3,0.13,0.3
Junior Dina Ebimbe,Eint Frankfurt,2000,38,45,0.25,0.08,0.34,0.31,0.12
Sofiane Diop,Nice,2000,55,72,0.07,0.29,0.37,0.19,0.14
Axel Disasi,Monaco,1998,64,206,0.08,0.08,0.16,0.1,0.03
Alexander Djiku,Strasbourg,1994,4,136,0.03,0.07,0.1,0.05,0.02
Ritsu Doan,Freiburg,1998,83,69,0.19,0.15,0.33,0.26,0.12
Dod�,Fiorentina,1998,72,141,0.04,0.12,0.15,0.03,0.09
Danilho Doekhi,Union Berlin,1998,15,73,0.2,0.04,0.24,0.08,0.02
Josh Doig,Hellas Verona,2002,41,27,0.13,0.2,0.33,0.12,0.08
Jeremy Doku,Rennes,2002,101,71,0.42,0.14,0.56,0.19,0.34
Nicol�s Dom�nguez,Bologna,1998,39,147,0.12,0.08,0.2,0.1,0.11
Abdoulaye Doucour�,Everton,1993,23,38,0.29,0.12,0.41,0.14,0.13
D�sir� Dou�,Rennes,2005,39,57,0.24,0.08,0.32,0.13,0.12
Isma�l Doukour�,Strasbourg,2003,27,99,0.04,0.04,0.08,0.01,0.02
Kamory Doumbia,Reims,2003,29,85,0.16,0.16,0.31,0.29,0.23
Dion Drena Beljo,Augsburg,2002,14,15,0.24,0.16,0.4,0.12,0.13
Dominick Drexler,Schalke 04,1990,17,52,0.26,0.2,0.46,0.16,0.14
Marvin Ducksch,Werder Bremen,1994,31,58,0.38,0.19,0.57,0.36,0.17
Denzel Dumfries,Inter,1996,62,59,0.04,0.16,0.2,0.15,0.2
Hugo Duro,Valencia,1999,9,19,0.06,0.06,0.13,0.29,0.07
Paulo Dybala,Roma,1993,56,75,0.62,0.31,0.93,0.48,0.36
Edin D�eko,Inter,1986,32,67,0.47,0.16,0.62,0.5,0.17
Tyronne Ebuehi,Empoli,1995,31,41,0.09,0.19,0.28,0.14,0.09
�derson,Atalanta,1999,37,93,0.04,0.04,0.08,0.08,0.09
Odsonne �douard,Crystal Palace,1998,29,32,0.25,0.1,0.35,0.21,0.06
Maximilian Eggestein,Freiburg,1996,20,93,0.04,0.07,0.11,0.03,0.06
��igo Eguaras,Almer�a,1992,8,61,0.09,0.09,0.19,0.1,0.06
Hugo Ekitike,Paris S-G,2002,23,23,0.23,0.31,0.55,0.29,0.13
Harvey Elliott,Liverpool,2003,54,142,0.06,0.11,0.17,0.12,0.2
Elif Elmas,Napoli,1999,42,73,0.33,0.17,0.5,0.22,0.11
Mohamed Elyounoussi,Southampton,1994,56,50,0.04,0.04,0.08,0.15,0.09
Adri Embarba,Almer�a,1992,62,47,0.24,0.18,0.43,0.23,0.21
Breel Embolo,Monaco,1997,24,52,0.58,0.1,0.68,0.41,0.16
Emerson,Tottenham,1999,47,80,0.1,0.05,0.16,0.09,0.03
Youssef En-Nesyri,Sevilla,1997,16,12,0.43,0.05,0.49,0.44,0.06
Wataru Endo,Stuttgart,1993,32,171,0.15,0.12,0.28,0.12,0.15
Christian Eriksen,Manchester United,1992,23,164,0.04,0.35,0.4,0.22,0.19
Gonzalo Escalante,Cediz,1993,3,50,0.32,0.08,0.4,0.28,0.12
Pervis Estupi��n,Brighton,1998,91,157,0.03,0.17,0.2,0.06,0.18
Edu Exp�sito,Espanyol,1996,19,72,0.16,0.16,0.31,0.07,0.18
Eberechi Eze,Crystal Palace,1998,69,131,0.34,0.14,0.48,0.25,0.15
Abdessamad Ezzalzouli,Osasuna,2001,93,44,0.24,0.12,0.36,0.16,0.11
Wout Faes,Leicester City,1998,11,74,0.03,0.06,0.1,0.04,0.02
Nicol� Fagioli,Juventus,2001,27,56,0.18,0.18,0.36,0.09,0.08
Romain Faivre,Lorient,1998,77,67,0.36,0.22,0.58,0.19,0.15
Davide Faraoni,Hellas Verona,1991,11,54,0.12,0.18,0.3,0.17,0.06
Ansu Fati,Barcelona,2002,47,48,0.45,0.19,0.65,0.59,0.11
Nabil Fekir,Betis,1993,42,41,0.19,0.19,0.37,0.23,0.26
Joao Felix,Atletico Madrid,1999,17,27,0.55,0.42,0.97,0.39,0.2
Evan Ferguson,Brighton,2004,11,14,0.57,0.19,0.76,0.51,0.07
Bruno Fernandes,Manchester United,1994,89,263,0.22,0.22,0.43,0.25,0.45
Jordan Ferri,Montpellier,1992,37,209,0.03,0.07,0.1,0.03,0.1
Fidel,Elche,1989,53,139,0.16,0.11,0.26,0.12,0.12
Roberto Firmino,Liverpool,1991,16,78,0.82,0.3,1.11,0.41,0.19
Junior Firpo,Leeds United,1996,20,54,0.07,0.07,0.13,0.01,0.05
Alexis Flips,Reims,2000,23,110,0.18,0.27,0.46,0.18,0.28
Phil Foden,Manchester City,2000,68,88,0.54,0.29,0.83,0.29,0.23
Seko Fofana,Lens,1995,117,165,0.21,0.15,0.35,0.27,0.11
Youssouf Fofana,Monaco,1999,81,238,0.06,0.06,0.12,0.08,0.13
Pablo Fornals,West Ham,1996,33,89,0.18,0.06,0.24,0.13,0.1
Emil Forsberg,RB Leipzig,1991,20,67,0.36,0.24,0.61,0.3,0.14
Philipp F�rster,Bochum,1995,19,63,0.21,0.48,0.69,0.1,0.23
Przemys?aw Frankowski,Lens,1995,51,132,0.16,0.1,0.25,0.13,0.22
Fred,Manchester United,1993,10,76,0.14,0.14,0.29,0.14,0.21
Jeremie Frimpong,Leverkusen,2000,155,62,0.27,0.23,0.5,0.25,0.21
Chris F�hrich,Stuttgart,1998,93,83,0.24,0.1,0.33,0.17,0.23
Angelo Fulgini,Lens,1996,20,43,0.1,0.1,0.21,0.13,0.29
Niclas F�llkrug,Werder Bremen,1993,41,90,0.58,0.18,0.76,0.47,0.13
Manolo Gabbiadini,Sampdoria,1991,32,55,0.27,0.08,0.34,0.28,0.17
Gianluca Gaetano,Napoli,2000,4,4,1.2,1.2,2.4,1.42,0.22
Cody Gakpo,Liverpool,1999,36,50,0.43,0.12,0.56,0.38,0.17
Pablo Galdames Mill�n,Cremonese,1996,5,33,0.12,0.24,0.37,0.04,0.13
Conor Gallagher,Chelsea,2000,40,105,0.17,0.06,0.22,0.14,0.13
Ignatius Ganago,Nantes,1999,27,20,0.3,0.18,0.47,0.22,0.1
Aleix Garc�a,Girona,1997,41,156,0.04,0.19,0.23,0.07,0.23
�lvaro Garc�a,Rayo Vallecano,1992,116,71,0.16,0.16,0.31,0.11,0.18
Francisco Garcia,Rayo Vallecano,1999,183,147,0.05,0.08,0.13,0.03,0.04
Ra�l Garc�a,Athletic Club,1986,12,38,0.19,0.28,0.47,0.48,0.1
Rub�n Garc�a,Osasuna,1993,16,40,0.16,0.16,0.31,0.14,0.15
Alejandro Garnacho,Manchester United,2004,33,12,0.47,0.32,0.79,0.48,0.16
Johan Gastien,Clermont Foot,1988,13,219,0.14,0.1,0.24,0.04,0.07
Gavi,Barcelona,2004,49,134,0.07,0.14,0.21,0.11,0.13
Dennis Geiger,Hoffenheim,1998,21,99,0.05,0.14,0.18,0.01,0.12
Yannick Gerhardt,Wolfsburg,1994,12,82,0.29,0.19,0.48,0.28,0.11
Paolo Ghiglione,Cremonese,1997,5,19,0.13,0.13,0.25,0.1,0.08
Morgan Gibbs-White,Nott'ham Forest,2000,69,131,0.15,0.24,0.39,0.18,0.25
Samuel Gigot,Marseille,1993,33,74,0.1,0.1,0.19,0.12,0.02
Matthias Ginter,Freiburg,1994,23,122,0.12,0.03,0.15,0.06,0.03
Andrei Girotto,Nantes,1992,14,140,0.03,0.03,0.06,0.05,0.06
Olivier Giroud,Milan,1986,12,36,0.55,0.21,0.76,0.53,0.17
Serge Gnabry,Bayern Munich,1995,74,82,0.65,0.23,0.88,0.52,0.25
Degnand Gnonto,Leeds United,2003,66,35,0.13,0.27,0.4,0.12,0.15
Aleksandr Golovin,Monaco,1996,89,132,0.29,0.26,0.55,0.19,0.21
Andr� Gomes,Lille,1993,26,160,0.17,0.11,0.28,0.06,0.07
Angel Gomes,Lille,2000,39,166,0.06,0.19,0.26,0.15,0.1
Moi G�mez,Osasuna,1994,37,184,0.11,0.07,0.18,0.06,0.15
Papu G�mez,Sevilla,1988,34,82,0.08,0.08,0.17,0.12,0.15
Joan Gonz�lez,Lecce,2002,18,71,0.04,0.12,0.16,0.06,0.05
Nicol�s Gonz�lez,Fiorentina,1998,37,70,0.4,0.07,0.47,0.45,0.09
Nicol�s Gonz�lez,Valencia,2002,21,81,0.06,0.06,0.13,0.1,0.09
Leon Goretzka,Bayern Munich,1995,42,114,0.16,0.1,0.26,0.25,0.12
Mario G�tze,Eint Frankfurt,1992,57,149,0.1,0.03,0.13,0.11,0.17
Amine Gouiri,Rennes,2000,63,70,0.54,0.11,0.64,0.4,0.15
Jonathan Gradit,Lens,1992,41,233,0.03,0.1,0.13,0.03,0.04
Demarai Gray,Everton,1996,94,46,0.14,0.04,0.18,0.22,0.14
Jack Grealish,Manchester City,1995,143,100,0.22,0.31,0.53,0.2,0.31
Sam Greenwood,Leeds United,2002,7,15,0.21,0.42,0.64,0.15,0.24
Michael Gregoritsch,Freiburg,1994,22,57,0.42,0.17,0.59,0.42,0.12
Antoine Griezmann,Atletico Madrid,1991,99,171,0.47,0.5,0.98,0.39,0.44
Vincenzo Grifo,Freiburg,1993,65,128,0.56,0.19,0.75,0.39,0.21
Christian Gro�,Werder Bremen,1989,22,67,0.05,0.05,0.1,0.01,0.02
Pascal Gro�,Brighton,1991,62,255,0.25,0.22,0.47,0.15,0.3
Andr�s Guardado,Betis,1986,14,72,0.07,0.07,0.13,0.02,0.07
Nemanja Gudelj,Sevilla,1991,29,110,0.1,0.03,0.13,0.06,0.01
Gon�alo Guedes,Wolves,1996,20,16,0.13,0.13,0.25,0.15,0.06
Matt�o Guendouzi,Marseille,1999,50,170,0.09,0.17,0.26,0.14,0.09
Rapha�l Guerreiro,Dortmund,1993,85,191,0.16,0.47,0.63,0.11,0.3
Evann Guessand,Nantes,2001,46,37,0.21,0.14,0.36,0.18,0.1
Pape Gueye,Sevilla,1999,9,59,0.08,0.23,0.31,0.1,0.09
Pape Gueye,Marseille,1999,9,31,0.18,0.18,0.37,0.13,0.16
Hugo Guillam�n,Valencia,2000,11,101,0.06,0.22,0.28,0.06,0.09
Bruno Guimar�es,Newcastle United,1997,41,222,0.13,0.17,0.3,0.09,0.13
Gerard Gumbau,Elche,1994,18,145,0.03,0.2,0.23,0.08,0.2
Robert Gumny,Augsburg,1998,23,56,0.04,0.09,0.13,0.03,0.03
?lkay G�ndo?an,Manchester City,1990,53,170,0.31,0.15,0.46,0.29,0.13
Christian G�nter,Freiburg,1993,43,77,0.03,0.13,0.16,0.04,0.17
Gorka Guruzeta,Athletic Club,1996,15,37,0.38,0.06,0.44,0.39,0.06
Miguel Guti�rrez,Girona,2001,81,125,0.08,0.11,0.19,0.03,0.12
Erling Haaland,Manchester City,2000,35,58,1.17,0.26,1.43,0.92,0.17
Nicolas Haas,Empoli,1996,10,36,0.08,0.08,0.16,0.09,0.07
Janik Haberer,Union Berlin,1994,21,78,0.21,0.04,0.25,0.13,0.09
Munir El Haddadi,Getafe,1995,20,30,0.23,0.08,0.31,0.21,0.09
Amadou Haidara,RB Leipzig,1998,10,85,0.13,0.06,0.19,0.18,0.09
Achraf Hakimi,Paris S-G,1998,85,99,0.22,0.13,0.35,0.17,0.13
S�bastien Haller,Dortmund,1994,11,22,0.66,0.22,0.88,0.62,0.17
Marcel Halstenberg,RB Leipzig,1991,22,59,0.06,0.06,0.12,0.06,0.12
Romain Hamouma,Ajaccio,1987,29,47,0.17,0.17,0.33,0.25,0.19
Andreas Hanche-Olsen,Mainz 05,1997,6,43,0.06,0.18,0.24,0.03,0.07
Jack Harrison,Leeds United,1996,103,103,0.17,0.23,0.4,0.16,0.17
Hans Hateboer,Atalanta,1994,16,55,0.06,0.06,0.13,0.09,0.1
Kai Havertz,Chelsea,1999,59,89,0.25,0.04,0.28,0.41,0.13
Hwang Hee-chan,Wolves,1996,25,30,0.24,0.08,0.32,0.23,0.09
Benjamin Henrichs,RB Leipzig,1997,48,109,0.08,0.08,0.16,0.05,0.07
Luiz Henrique,Betis,2001,61,26,0.05,0.15,0.2,0.16,0.14
Matheus Henrique,Sassuolo,1997,40,116,0.18,0.05,0.23,0.13,0.08
Mario Hermoso,Atletico Madrid,1995,23,115,0.13,0.09,0.21,0.09,0.06
Theo Hernandez,Milan,1997,108,128,0.13,0.1,0.23,0.13,0.11
Yangel Herrera,Girona,1998,18,46,0.19,0.19,0.37,0.22,0.1
Son Heung-min,Tottenham,1992,82,79,0.31,0.19,0.5,0.31,0.2
Piero Hincapi�,Leverkusen,2002,46,83,0.04,0.04,0.07,0.05,0.04
Adam Hlo�ek,Leverkusen,2002,22,32,0.35,0.21,0.56,0.19,0.18
Jonas Hofmann,M'Gladbach,1992,73,119,0.4,0.3,0.71,0.24,0.37
Philipp Hofmann,Bochum,1993,7,71,0.27,0.07,0.34,0.3,0.09
Lucas H�ler,Freiburg,1994,19,33,0.3,0.12,0.42,0.19,0.11
Emil Holm,Spezia,2000,41,40,0.06,0.06,0.13,0.08,0.08
Gerrit Holtmann,Bochum,1995,37,8,0.1,0.1,0.19,0.23,0.07
Franck Honorat,Brest,1996,98,70,0.21,0.18,0.39,0.17,0.33
Will Hughes,Crystal Palace,1995,14,32,0.11,0.11,0.21,0.04,0.1
Adrien Hunou,Angers,1994,34,62,0.16,0.04,0.2,0.26,0.09
Denis Huseinbasic,Koln,2001,12,34,0.46,0.11,0.57,0.27,0.04
Elseid Hysaj,Lazio,1994,36,103,0.05,0.05,0.09,0.01,0.05
Pierre H�jbjerg,Tottenham,1995,46,235,0.11,0.14,0.26,0.06,0.09
Rasmus H�jlund,Atalanta,2003,40,37,0.44,0.1,0.54,0.47,0.12
Borja Iglesias,Betis,1993,20,33,0.57,0.11,0.68,0.57,0.11
Kelechi Iheanacho,Leicester City,1996,33,27,0.4,0.4,0.8,0.57,0.32
Jonathan Ikone,Fiorentina,1998,83,67,0.18,0.18,0.36,0.18,0.17
Ivan Ili?,Torino,2001,29,66,0.15,0.15,0.31,0.02,0.08
Samuel Iling-Junior,Juventus,2003,11,18,0.28,0.28,0.57,0.21,0.07
Ciro Immobile,Lazio,1990,40,43,0.49,0.2,0.69,0.57,0.08
Danny Ings,West Ham,1992,9,12,0.23,0.23,0.46,0.35,0.12
Alexander Isak,Newcastle United,1999,41,48,0.59,0.06,0.65,0.49,0.13
Ismaily,Lille,1990,40,95,0.1,0.05,0.15,0.06,0.12
Hiroki Ito,Stuttgart,1999,29,158,0.04,0.04,0.07,0.03,0.07
Junya Ito,Reims,1993,133,141,0.19,0.15,0.34,0.18,0.25
Alex Iwobi,Everton,1996,90,194,0.05,0.19,0.24,0.07,0.16
Nicolas Jackson,Villarreal,2001,49,40,0.68,0.23,0.9,0.45,0.18
Lee Jae-sung,Mainz 05,1992,29,69,0.33,0.24,0.57,0.2,0.13
Daniel James,Fulham,1997,24,15,0.29,0.14,0.43,0.25,0.11
Reece James,Chelsea,1999,52,90,0.07,0.07,0.14,0.07,0.22
Vitaly Janelt,Brentford,1998,14,82,0.12,0.04,0.16,0.1,0.06
Javi,Girona,1998,41,78,0.08,0.16,0.24,0.1,0.07
Luis Javier Su�rez,Almer�a,1997,29,26,0.24,0.24,0.48,0.26,0.13
Luis Javier Su�rez,Marseille,1997,5,11,0.92,0.31,1.23,0.74,0.11
Fredrik Jensen,Augsburg,1997,3,24,0.19,0.1,0.29,0.17,0.13
Mathias Jensen,Brentford,1996,21,141,0.16,0.19,0.35,0.07,0.16
Jes�,Sampdoria,1993,1,1,0.43,0.43,0.86,0.13,0.2
Gabriel Jesus,Arsenal,1997,44,64,0.48,0.26,0.74,0.61,0.17
Joelinton,Newcastle United,1996,64,130,0.2,0.03,0.24,0.24,0.08
Brennan Johnson,Nott'ham Forest,2001,88,30,0.25,0.09,0.34,0.26,0.1
Curtis Jones,Liverpool,2001,31,69,0.26,0.09,0.35,0.1,0.1
Frenkie de Jong,Barcelona,1997,92,279,0.07,0.14,0.21,0.09,0.15
Josan,Elche,1989,37,39,0.08,0.25,0.33,0.04,0.13
Willian Jos�,Betis,1991,6,14,0.25,0.12,0.37,0.36,0.17
Joselu,Espanyol,1990,23,66,0.48,0.06,0.54,0.44,0.07
Diogo Jota,Liverpool,1996,34,30,0.56,0.32,0.88,0.52,0.17
Stevan Joveti?,Hertha BSC,1989,14,40,0.4,0.2,0.61,0.28,0.11
Luka Jovi?,Fiorentina,1997,8,28,0.35,0.18,0.53,0.46,0.09
Jubal,Auxerre,1993,7,73,0.08,0.03,0.11,0.09,0.01
Anthony Jung,Werder Bremen,1991,28,73,0.07,0.17,0.24,0.04,0.06
Vinicius J�nior,Real Madrid,2000,221,87,0.32,0.29,0.61,0.34,0.3
Josip Juranovi?,Union Berlin,1995,11,27,0.19,0.1,0.29,0.15,0.14
Ozan Kabak,Hoffenheim,2000,23,76,0.08,0.08,0.15,0.05,0.05
Pavel Kade?�bek,Hoffenheim,1992,30,61,0.05,0.05,0.11,0.07,0.09
Florian Kainz,Koln,1992,64,159,0.23,0.38,0.61,0.23,0.33
Arnaud Kalimuendo,Rennes,2002,36,32,0.34,0.15,0.49,0.36,0.12
Yayah Kallon,Hellas Verona,2001,33,22,0.1,0.1,0.21,0.17,0.16
Daichi Kamada,Eint Frankfurt,1996,47,160,0.36,0.24,0.6,0.39,0.14
Jakub Kami?ski,Wolfsburg,2002,47,78,0.17,0.09,0.26,0.22,0.16
Kevin Kampl,RB Leipzig,1990,23,80,0.13,0.13,0.26,0.07,0.07
Harry Kane,Tottenham,1993,60,180,0.79,0.08,0.87,0.57,0.18
Lee Kangin,Mallorca,2001,107,96,0.19,0.19,0.38,0.17,0.17
Kenan Karaman,Schalke 04,1994,23,18,0.09,0.18,0.28,0.23,0.13
Grigoris Kastanos,Salernitana,1998,27,57,0.14,0.07,0.21,0.13,0.05
Silas Katompa,Stuttgart,1998,71,40,0.23,0.09,0.32,0.29,0.09
Michael Keane,Everton,1993,2,31,0.09,0.18,0.27,0.12,0.07
Franck Kessi�,Barcelona,1996,14,39,0.09,0.09,0.18,0.16,0.07
Sa�f-Eddine Khaoui,Clermont Foot,1995,23,72,0.31,0.13,0.44,0.23,0.17
Wahbi Khazri,Montpellier,1991,40,49,0.22,0.06,0.28,0.23,0.09
Joshua Kimmich,Bayern Munich,1995,42,315,0.16,0.19,0.35,0.07,0.22
Ansgar Knauff,Eint Frankfurt,2002,47,40,0.07,0.07,0.14,0.06,0.12
Robin Knoche,Union Berlin,1992,12,98,0.06,0.09,0.16,0.07,0.03
Sead Kola�inac,Marseille,1993,49,109,0.16,0.04,0.2,0.17,0.04
Randal Kolo Muani,Eint Frankfurt,1998,97,61,0.51,0.38,0.89,0.45,0.22
Ibrahima Kon�,Lorient,1999,15,27,0.4,0.06,0.46,0.32,0.06
Kouadio Kon�,M'Gladbach,2001,59,166,0.03,0.03,0.07,0.04,0.05
Teun Koopmeiners,Atalanta,1998,60,186,0.31,0.13,0.44,0.24,0.2
Filip Kosti?,Juventus,1992,101,78,0.11,0.28,0.39,0.08,0.25
Christian Kouam�,Fiorentina,1997,50,54,0.19,0.19,0.39,0.26,0.18
Rominigue Kouam�,Troyes,1996,59,169,0.03,0.03,0.07,0.05,0.07
Kalidou Koulibaly,Chelsea,1991,10,81,0.1,0.05,0.15,0.05,0.02
Jules Kound�,Barcelona,1998,58,185,0.04,0.11,0.15,0.04,0.1
Mateo Kova?i?,Chelsea,1994,37,153,0.05,0.11,0.16,0.09,0.11
Andrej Kramari?,Hoffenheim,1991,49,100,0.45,0.15,0.6,0.5,0.08
Toni Kroos,Real Madrid,1990,51,319,0.08,0.17,0.25,0.06,0.19
Lukas K�bler,Freiburg,1992,11,57,0.11,0.05,0.16,0.05,0.02
Takefusa Kubo,Real Sociedad,2001,117,81,0.33,0.15,0.48,0.21,0.22
Dejan Kulusevski,Tottenham,2000,87,67,0.09,0.3,0.39,0.11,0.2
Khvicha Kvaratskhelia,Napoli,2001,139,91,0.43,0.36,0.79,0.29,0.27
Grejohn Kyei,Clermont Foot,1995,27,37,0.4,0.12,0.52,0.47,0.06
Giorgos Kyriakopoulos,Sassuolo,1996,17,32,0.12,0.12,0.23,0.13,0.17
Ga�tan Laborde,Nice,1994,54,53,0.47,0.11,0.57,0.42,0.21
Alexandre Lacazette,Lyon,1991,40,108,0.83,0.15,0.98,0.74,0.16
Adam Lallana,Brighton,1988,10,33,0.25,0.12,0.37,0.11,0.12
Mohamed Lamine Bayo,Lille,1998,8,5,0.55,0.14,0.69,0.45,0.25
Sam Lammers,Sampdoria,1997,17,19,0.08,0.08,0.16,0.2,0.1
Sam Lammers,Empoli,1997,9,19,0.1,0.1,0.2,0.23,0.07
Cyle Larin,Valladolid,1995,25,17,0.49,0.18,0.67,0.46,0.16
Yasser Larouci,Troyes,2001,72,63,0.05,0.05,0.1,0.03,0.08
Kevin Lasagna,Hellas Verona,1992,36,19,0.06,0.11,0.17,0.35,0.09
Armand Lauriente,Sassuolo,1998,127,90,0.29,0.25,0.54,0.19,0.26
Darko Lazovi?,Hellas Verona,1990,72,81,0.16,0.2,0.36,0.14,0.26
Th�o Le Bris,Lorient,2002,51,47,0.12,0.12,0.25,0.07,0.07
J�r�my Le Douaron,Brest,1998,38,31,0.43,0.13,0.56,0.37,0.08
Enzo Le F�e,Lorient,2000,96,218,0.15,0.18,0.33,0.11,0.2
Rafael Le�o,Milan,1999,136,122,0.56,0.3,0.85,0.4,0.26
Pierre Lees-Melou,Brest,1993,33,179,0.16,0.16,0.33,0.07,0.08
Thomas Lemar,Atletico Madrid,1995,36,80,0.07,0.22,0.29,0.07,0.14
Sergio Le�n,Valladolid,1989,21,22,0.4,0.07,0.47,0.26,0.08
Johann Lepenant,Lyon,2002,20,125,0.05,0.09,0.14,0.04,0.05
Mehdi L�ris,Sampdoria,1998,56,62,0.04,0.04,0.07,0.13,0.07
Robert Lewandowski,Barcelona,1988,52,100,0.73,0.22,0.95,0.77,0.2
Jamie Leweling,Union Berlin,2001,8,4,0.34,0.34,0.68,0.22,0.09
Matthijs de Ligt,Bayern Munich,1999,17,143,0.11,0.04,0.15,0.04,0.02
Jesper Lindstr�m,Eint Frankfurt,2000,65,33,0.38,0.11,0.48,0.32,0.15
Dejan Ljubicic,Koln,1997,37,65,0.26,0.05,0.32,0.18,0.11
Marcos Llorente,Atletico Madrid,1995,64,88,0.05,0.11,0.16,0.11,0.2
Giovani Lo Celso,Villarreal,1996,35,97,0.16,0.24,0.4,0.2,0.26
Stanislav Lobotka,Napoli,1994,51,172,0.03,0.03,0.06,0.02,0.03
Luka Lochoshvili,Cremonese,1998,17,70,0.05,0.1,0.15,0.03,0.05
Sean Longstaff,Newcastle United,1997,21,116,0.04,0.14,0.18,0.13,0.12
Ademola Lookman,Atalanta,1997,73,79,0.68,0.31,0.99,0.47,0.34
Rony Lopes,Troyes,1995,61,97,0.27,0.19,0.46,0.19,0.19
David L�pez,Girona,1989,18,54,0.16,0.05,0.22,0.08,0.03
Unai L�pez,Rayo Vallecano,1995,17,98,0.07,0.14,0.22,0.09,0.1
Anthony Losilla,Bochum,1986,13,93,0.07,0.07,0.13,0.06,0.07
Sandi Lovri?,Udinese,1998,42,105,0.19,0.23,0.42,0.18,0.12
Anthony Lozano,Cediz,1993,19,28,0.06,0.06,0.12,0.17,0.05
Hirving Lozano,Napoli,1995,86,49,0.17,0.17,0.34,0.3,0.19
Jos� Luis Gay�,Valencia,1995,74,124,0.03,0.1,0.13,0.06,0.18
Douglas Luiz,Aston Villa,1998,48,148,0.18,0.18,0.37,0.09,0.14
Romelu Lukaku,Inter,1993,34,41,0.54,0.33,0.87,0.49,0.22
Dodi Lukebakio,Hertha BSC,1997,96,42,0.41,0.11,0.53,0.32,0.16
Lyanco,Southampton,1997,13,35,0.08,0.08,0.15,0.04,0.04
Alexis Mac Allister,Brighton,1998,69,174,0.31,0.06,0.37,0.38,0.13
Deiver Machado,Lens,1993,59,54,0.16,0.12,0.29,0.05,0.12
James Maddison,Leicester City,1996,77,151,0.36,0.33,0.69,0.31,0.34
Pablo Maffeo,Mallorca,1997,67,61,0.06,0.12,0.18,0.05,0.09
Hugo Magnetti,Brest,1998,32,70,0.05,0.11,0.16,0.05,0.03
Riyad Mahrez,Manchester City,1991,78,76,0.23,0.47,0.7,0.26,0.33
Arne Maier,Augsburg,1999,32,66,0.23,0.05,0.28,0.07,0.08
Linton Maina,Koln,1999,90,61,0.12,0.28,0.4,0.19,0.24
Lovro Majer,Rennes,1998,66,134,0.11,0.27,0.38,0.18,0.24
Donyell Malen,Dortmund,1999,87,60,0.47,0.32,0.79,0.48,0.23
Ruslan Malinovskyi,Atalanta,1993,19,50,0.16,0.33,0.49,0.1,0.33
Ruslan Malinovskyi,Marseille,1993,35,64,0.07,0.07,0.15,0.17,0.17
Gianluca Mancini,Roma,1996,17,93,0.03,0.06,0.09,0.07,0.05
Rolando Mandragora,Fiorentina,1997,18,142,0.09,0.18,0.28,0.07,0.23
Sadio Man�,Bayern Munich,1992,59,43,0.44,0.32,0.76,0.56,0.25
Orel Mangala,Nott'ham Forest,1998,14,43,0.06,0.06,0.12,0.03,0.02
Thomas Mangani,Ajaccio,1987,9,92,0.07,0.07,0.14,0.14,0.13
Faitout Maouassa,Montpellier,1998,37,51,0.23,0.23,0.47,0.16,0.1
Sekou Mara,Southampton,2002,7,7,0.16,0.32,0.49,0.17,0.12
Solly March,Brighton,1994,110,135,0.23,0.23,0.46,0.27,0.28
�scar de Marcos,Athletic Club,1989,76,204,0.03,0.19,0.22,0.01,0.11
Pablo Mar�,Monza,1993,6,57,0.04,0,0.04,0.02,0.01
Jos� Mar�a Gim�nez,Atletico Madrid,1995,9,63,0.07,0.04,0.11,0.07,0.02
R?zvan Marin,Empoli,1996,35,118,0.07,0.14,0.21,0.05,0.15
Omar Marmoush,Wolfsburg,1999,36,51,0.3,0.06,0.37,0.37,0.07
Eric Martel,Koln,2002,17,72,0.04,0.04,0.09,0.08,0.04
Anthony Martial,Manchester United,1995,18,35,0.55,0.18,0.74,0.58,0.13
Aar�n Mart�n,Mainz 05,1997,25,86,0.24,0.15,0.39,0.11,0.14
Iv�n Mart�n,Girona,1999,30,56,0.17,0.17,0.34,0.14,0.13
Martinelli,Arsenal,2001,124,94,0.48,0.16,0.65,0.3,0.29
Arnau Martinez,Girona,2003,64,113,0.1,0.13,0.23,0.06,0.14
Lautaro Mart�nez,Inter,1997,49,83,0.73,0.21,0.94,0.63,0.19
Lucas Mart�nez Quarta,Fiorentina,1996,19,119,0.04,0.04,0.08,0.1,0.02
Erhan Ma�ovi?,Bochum,1998,4,60,0.17,0,0.17,0.11,0.04
Jaime Mata,Getafe,1988,2,10,0.21,0.21,0.41,0.4,0.27
Nemanja Mati?,Roma,1988,50,134,0.1,0.1,0.19,0.05,0.13
Chrislain Matsima,Monaco,2002,2,23,0,0.2,0.2,0.14,0.07
Stephy Mavididi,Montpellier,1998,34,22,0.28,0.14,0.42,0.3,0.1
Konstantinos Mavropanos,Stuttgart,1997,34,120,0.08,0.04,0.12,0.16,0.05
Eric Maxim Choupo-Moting,Bayern Munich,1989,11,43,0.81,0.16,0.97,0.49,0.16
Borja Mayoral,Getafe,1997,58,64,0.26,0.07,0.33,0.26,0.09
Noussair Mazraoui,Bayern Munich,1997,39,99,0.08,0.33,0.42,0.09,0.16
Pasquale Mazzocchi,Salernitana,1995,70,60,0.09,0.14,0.23,0.06,0.12
Kylian Mbapp�,Paris S-G,1998,165,128,0.93,0.16,1.09,0.84,0.23
Bryan Mbeumo,Brentford,1999,66,88,0.28,0.25,0.53,0.3,0.23
John McGinn,Aston Villa,1994,34,140,0.03,0.1,0.13,0.08,0.09
Weston McKennie,Juventus,1998,19,39,0.09,0.09,0.17,0.08,0.06
Dwight McNeil,Everton,1999,76,69,0.25,0.11,0.36,0.13,0.22
Facundo Medina,Lens,1999,81,238,0.06,0.13,0.19,0.08,0.06
Ben Mee,Brentford,1989,8,84,0.08,0.03,0.11,0.09,0.04
Gonzalo Melero,Almer�a,1994,31,97,0.19,0.15,0.34,0.15,0.08
Nuno Mendes,Paris S-G,2002,51,77,0.06,0.35,0.41,0.06,0.17
Thiago Mendes,Lyon,1992,10,170,0.04,0.04,0.09,0.03,0.03
Brais M�ndez,Real Sociedad,1997,41,137,0.3,0.15,0.45,0.21,0.14
Ferland Mendy,Real Madrid,1995,23,56,0,0.07,0.07,0.02,0.04
Mikel Merino,Real Sociedad,1996,30,172,0.07,0.32,0.4,0.15,0.2
Quentin Merlin,Nantes,2002,43,94,0.05,0.1,0.15,0.04,0.16
Roque Mesa,Valladolid,1989,29,116,0.11,0.06,0.17,0.08,0.06
Lionel Messi,Paris S-G,1987,114,300,0.51,0.51,1.02,0.49,0.43
Junior Messias,Milan,1991,45,54,0.3,0.12,0.42,0.14,0.05
Sven Michel,Union Berlin,1990,9,12,0.55,0.18,0.73,0.3,0.16
Nikola Milenkovi?,Fiorentina,1997,9,78,0.08,0.04,0.13,0.08,0.02
Arkadiusz Milik,Juventus,1994,10,34,0.4,0.06,0.45,0.37,0.12
Sergej Milinkovi?-Savi?,Lazio,1995,47,166,0.27,0.24,0.51,0.2,0.21
Pere Milla,Elche,1992,23,65,0.29,0.05,0.34,0.26,0.06
Kim Min-jae,Napoli,1996,42,169,0.06,0.06,0.12,0.03,0.06
Takumi Minamino,Monaco,1995,26,28,0.12,0.37,0.5,0.23,0.17
Tyrone Mings,Aston Villa,1993,20,111,0.03,0.06,0.09,0.03,0.04
Aleksei Miranchuk,Torino,1995,47,99,0.17,0.22,0.39,0.12,0.18
Juan Miranda,Betis,2000,26,73,0.18,0.12,0.31,0.14,0.18
Tyrick Mitchell,Crystal Palace,1999,23,106,0,0.06,0.06,0.02,0.04
Kaoru Mitoma,Brighton,1997,143,90,0.27,0.19,0.47,0.31,0.25
Aleksandar Mitrovi?,Fulham,1994,24,44,0.63,0.04,0.67,0.67,0.1
Henrikh Mkhitaryan,Inter,1989,48,133,0.14,0.09,0.23,0.13,0.1
Anthony Modeste,Dortmund,1988,3,8,0.22,0.11,0.33,0.48,0.12
Luka Modri?,Real Madrid,1985,50,182,0.21,0.15,0.36,0.22,0.23
Terem Moffi,Nice,1999,25,20,0.41,0.2,0.61,0.56,0.19
Mostafa Mohamed,Nantes,1997,13,22,0.37,0.09,0.46,0.34,0.08
Nahuel Molina,Atletico Madrid,1998,73,112,0.13,0.06,0.19,0.08,0.12
Florent Mollet,Nantes,1991,25,73,0.08,0.17,0.25,0.1,0.23
Jon Moncayola,Osasuna,1998,34,175,0.04,0.11,0.15,0.07,0.07
Monchu,Valladolid,1999,17,111,0.13,0.09,0.22,0.11,0.09
�lvaro Morata,Atletico Madrid,1992,33,17,0.62,0.09,0.71,0.56,0.09
Gerard Moreno,Villarreal,1992,21,68,0.51,0.22,0.73,0.64,0.19
Nikola Moro,Bologna,1998,24,102,0.07,0.37,0.44,0.06,0.16
Dany Mota,Monza,1998,66,34,0.24,0.05,0.28,0.24,0.1
Youssoufa Moukoko,Dortmund,2004,9,11,0.55,0.24,0.79,0.5,0.14
Mason Mount,Chelsea,1999,48,98,0.16,0.11,0.27,0.11,0.16
Samuel Moutoussamy,Nantes,1996,41,156,0,0.08,0.08,0.07,0.04
Mykhailo Mudryk,Chelsea,2001,25,20,0,0.27,0.27,0.25,0.13
Nordi Mukiele,Paris S-G,1997,19,26,0,0.24,0.24,0.08,0.17
Thomas M�ller,Bayern Munich,1989,33,88,0.38,0.43,0.81,0.48,0.36
Marshall Munetsi,Reims,1996,33,95,0.23,0.1,0.33,0.31,0.1
Pablo Mu�oz,Rayo Vallecano,2003,0,1,0,0,0,0,0
Luis Muriel,Atalanta,1991,53,71,0.25,0.25,0.5,0.24,0.3
Vedat Muriqi,Mallorca,1994,28,60,0.46,0.09,0.55,0.38,0.06
Jacob Murphy,Newcastle United,1995,66,57,0.29,0.14,0.43,0.24,0.2
Jamal Musiala,Bayern Munich,2003,89,124,0.49,0.41,0.9,0.33,0.27
Enock Mwepu,Brighton,1998,5,6,0,0.42,0.42,0.09,0.2
Joakim M�hle,Atalanta,1997,81,137,0.12,0.12,0.24,0.12,0.12
Nathan N'Goumou,M'Gladbach,2000,23,14,0.13,0,0.13,0.11,0.04
Stanley N'Soki,Hoffenheim,1999,17,64,0.07,0,0.07,0.04,0.02
Nacho,Real Madrid,1990,18,75,0.05,0.05,0.11,0.04,0.05
Michel Ndary Adopo,Torino,2000,2,10,0,0,0,0.02,0.02
Youssouf Ndayishimiye,Nice,1998,7,30,0.16,0,0.16,0.08,0.01
�lvaro Negredo,Cediz,1985,4,17,0.12,0.24,0.36,0.21,0.28
Reiss Nelson,Arsenal,1999,19,6,1.27,0.85,2.12,0.46,0.58
Ilija Nestorovski,Udinese,1990,1,19,0.28,0.14,0.42,0.23,0.07
Luca Netz,M'Gladbach,2003,12,12,0.13,0.38,0.51,0.13,0.15
R�ben Neves,Wolves,1997,28,218,0.18,0.03,0.21,0.15,0.05
Neymar,Paris S-G,1992,69,161,0.76,0.64,1.4,0.47,0.51
Cyril Ngonge,Hellas Verona,2000,18,13,0.36,0.12,0.48,0.24,0.07
Florian Niederlechner,Augsburg,1990,1,18,0.4,0.1,0.49,0.28,0.04
Sa�l ��guez,Atletico Madrid,1994,12,34,0.25,0.08,0.33,0.2,0.05
Rasmus Nissen,Leeds United,1997,15,89,0.14,0.05,0.18,0.04,0.05
Eddie Nketiah,Arsenal,1999,32,15,0.33,0.08,0.41,0.68,0.11
Christopher Nkunku,RB Leipzig,1997,43,71,0.76,0.19,0.95,0.68,0.2
Felix Nmecha,Wolfsburg,2000,23,86,0.15,0.25,0.39,0.13,0.16
Diego Noguerol,Valencia,2002,21,17,0.6,0.2,0.81,0.71,0.22
Arnaud Nordin,Montpellier,1998,109,63,0.34,0.11,0.45,0.24,0.11
Riad Nouri,Ajaccio,1985,33,39,0.05,0.05,0.11,0.13,0.12
Matheus Nunes,Wolves,1998,59,84,0.04,0.04,0.07,0.09,0.08
Darwin N��ez,Liverpool,1999,61,29,0.48,0.16,0.64,0.64,0.28
Gerzino Nyamsi,Strasbourg,1997,13,68,0.06,0.06,0.11,0.09,0.01
M'Bala Nzola,Spezia,1996,50,50,0.44,0.07,0.51,0.37,0.09
Christian N�rgaard,Brentford,1994,4,73,0.05,0.15,0.2,0.08,0.16
Brian Ocampo,Cediz,1999,40,22,0.08,0.08,0.16,0.04,0.14
Wilson Odobert,Troyes,2004,72,47,0.2,0.1,0.31,0.13,0.09
Florent Ogier,Clermont Foot,1989,4,57,0,0.05,0.05,0.01,0.07
Michael Olise,Crystal Palace,2001,111,133,0.07,0.36,0.43,0.09,0.29
Brian Oliv�n,Espanyol,1994,48,80,0.04,0.26,0.3,0.02,0.16
Math�as Olivera,Napoli,1997,60,88,0.11,0.11,0.22,0.04,0.12
Dani Olmo,RB Leipzig,1998,34,68,0.14,0.35,0.49,0.21,0.32
Ado Onaiwu,Toulouse,1995,11,30,0.17,0.08,0.25,0.13,0.09
Amadou Onana,Everton,2001,27,79,0.04,0.07,0.11,0.11,0.09
Karim Onisiwo,Mainz 05,1992,72,48,0.35,0.07,0.43,0.29,0.12
Frank Onyeka,Brentford,1998,9,28,0,0.21,0.21,0.11,0.07
Lo�s Openda,Lens,2000,61,42,0.75,0.14,0.89,0.66,0.15
Divock Origi,Milan,1995,24,18,0.18,0.09,0.26,0.19,0.1
Aimar Oroz,Osasuna,2001,35,86,0.13,0.27,0.4,0.16,0.12
Riccardo Orsolini,Bologna,1997,53,62,0.47,0.17,0.64,0.44,0.13
Victor Osimhen,Napoli,1998,43,28,0.91,0.14,1.05,0.75,0.1
Dango Ouattara,Bournemouth,2002,39,23,0.07,0.22,0.29,0.26,0.18
Dango Ouattara,Lorient,2002,64,39,0.35,0.29,0.64,0.3,0.18
Azzedine Ounahi,Marseille,2000,6,5,0.74,0,0.74,0.5,0.16
Adam Ounas,Lille,1996,55,66,0.08,0.08,0.17,0.2,0.23
Mikel Oyarzabal,Real Sociedad,1997,27,29,0.3,0.07,0.37,0.34,0.16
Jon Pacheco,Real Sociedad,2001,18,48,0,0.08,0.08,0.01,0.01
Exequiel Palacios,Leverkusen,1998,12,105,0.22,0.11,0.33,0.16,0.07
Isaac Palaz�n Camacho,Rayo Vallecano,1994,49,127,0.27,0.15,0.42,0.23,0.16
Lucas Paquet�,West Ham,1997,25,147,0.17,0.13,0.29,0.18,0.1
Kevin Paredes,Wolfsburg,2003,24,29,0.17,0.51,0.68,0.03,0.29
Daniel Parejo,Villarreal,1989,26,250,0.08,0.11,0.19,0.13,0.11
Thomas Partey,Arsenal,1993,34,231,0.11,0,0.11,0.08,0.06
Mario Pa�ali?,Atalanta,1995,24,82,0.25,0.1,0.36,0.29,0.11
Nathan Patterson,Everton,2001,16,24,0,0,0,0.03,0.03
Gabriel Paulista,Valencia,1990,12,61,0.06,0,0.06,0.04,0.02
Benjamin Pavard,Bayern Munich,1996,37,202,0.15,0.04,0.19,0.09,0.09
Dimitri Payet,Marseille,1987,22,71,0.43,0.32,0.75,0.33,0.37
Pedri,Barcelona,2002,67,184,0.27,0.05,0.32,0.22,0.23
Pedro,Lazio,1987,64,52,0.19,0.14,0.33,0.16,0.13
Jordan Pefok,Union Berlin,1996,4,27,0.27,0.27,0.53,0.3,0.12
Pietro Pellegri,Torino,2001,4,8,0.39,0,0.39,0.29,0.1
Lorenzo Pellegrini,Roma,1996,58,106,0.14,0.18,0.32,0.28,0.24
Timothee Pembele,Paris S-G,2002,4,5,0,0.34,0.34,0.05,0.11
Rub�n Pe�a,Osasuna,1991,32,61,0,0.07,0.07,0.08,0.07
Andreas Pereira,Fulham,1996,53,121,0.13,0.2,0.33,0.24,0.17
Mathias Pereira Lage,Brest,1996,20,30,0.14,0.07,0.21,0.1,0.11
Ricardo Pereira,Leicester City,1993,5,27,0.2,0.2,0.4,0.02,0.12
Roberto Pereyra,Udinese,1991,66,143,0.16,0.22,0.38,0.15,0.18
Ayoze P�rez,Betis,1993,51,39,0.19,0.06,0.26,0.3,0.13
Carles P�rez,Celta Vigo,1998,93,66,0.13,0.21,0.34,0.12,0.08
Kike P�rez,Valladolid,1997,54,134,0.04,0.08,0.12,0.09,0.09
Ivan Peri�i?,Tottenham,1989,87,61,0.04,0.34,0.38,0.11,0.26
Romain Perraud,Southampton,1997,33,62,0.1,0.1,0.2,0.06,0.09
Ga�tan Perrin,Auxerre,1996,55,69,0.19,0.06,0.26,0.19,0.12
Matteo Pessina,Monza,1997,77,193,0.15,0.09,0.25,0.16,0.06
Andrea Petagna,Monza,1995,23,34,0.22,0.27,0.49,0.31,0.24
Giuseppe Pezzella,Lecce,1997,28,65,0,0.1,0.1,0.01,0.05
Krzysztof Pi?tek,Salernitana,1995,27,33,0.17,0.21,0.38,0.35,0.09
Amos Pieper,Werder Bremen,1998,14,84,0.09,0.05,0.14,0.03,0.02
Yeremi Pino,Villarreal,2002,65,62,0.15,0.22,0.37,0.29,0.21
�scar Plano,Valladolid,1991,30,73,0.04,0.04,0.09,0.12,0.07
Gonzalo Plata,Valladolid,2000,97,54,0.04,0.2,0.23,0.15,0.12
Alassane Pl�a,M'Gladbach,1993,41,94,0.1,0.46,0.56,0.25,0.2
Matteo Politano,Napoli,1993,81,72,0.23,0.23,0.46,0.32,0.28
Sebastian Polter,Schalke 04,1991,4,11,0.29,0.43,0.71,0.28,0.15
Julien Ponceau,Lorient,2000,53,101,0.05,0.22,0.27,0.1,0.16
?ukasz Por?ba,Lens,2000,3,20,0,0.35,0.35,0.2,0.24
Pedro Porro,Tottenham,1999,34,39,0.24,0.24,0.48,0.15,0.24
Francisco Portillo,Almer�a,1990,16,74,0.25,0.12,0.37,0.09,0.13
Stefan Posch,Bologna,1997,45,148,0.21,0.07,0.28,0.12,0.07
Yussuf Poulsen,RB Leipzig,1994,10,7,0.44,0.22,0.66,0.29,0.39
Alejandro Pozo Pozo,Almer�a,1999,44,64,0,0.14,0.14,0.03,0.17
Abd�n Prats,Mallorca,1992,1,8,0.22,0.22,0.43,0.15,0.31
Sanjin Prci?,Strasbourg,1993,14,112,0.06,0.06,0.11,0.06,0.04
Grischa Pr�mel,Hoffenheim,1995,19,39,0.06,0.06,0.12,0.16,0.07
Javi Puado,Espanyol,1998,60,58,0.27,0.08,0.35,0.3,0.1
Arnau Puigmal,Almer�a,2001,24,16,0.12,0,0.12,0.13,0.06
Christian Pulisic,Chelsea,1998,35,23,0.11,0.11,0.22,0.19,0.07
Fabio Quagliarella,Sampdoria,1983,5,25,0.11,0.11,0.22,0.31,0.08
Adrien Rabiot,Juventus,1995,72,133,0.26,0.13,0.39,0.2,0.08
Nemanja Radonji?,Torino,1996,86,42,0.12,0.12,0.25,0.31,0.1
Antonio Raillo,Mallorca,1991,8,50,0.07,0.1,0.16,0.02,0.03
Ivan Rakiti?,Sevilla,1988,42,148,0.05,0.15,0.2,0.17,0.1
Largie Ramazani,Almer�a,2001,59,30,0.19,0.06,0.26,0.27,0.11
Sergio Ramos,Paris S-G,1986,15,163,0.07,0.03,0.1,0.06,0.01
Aaron Ramsey,Nice,1990,29,126,0.06,0.06,0.11,0.14,0.1
Jacob Ramsey,Aston Villa,2001,94,98,0.2,0.24,0.44,0.17,0.17
Filippo Ranocchia,Monza,2001,13,26,0.17,0,0.17,0.21,0.06
Lilian Raolisoa,Angers,2000,5,10,0.52,0,0.52,0.09,0.41
Raphinha,Barcelona,1996,97,104,0.3,0.3,0.61,0.41,0.43
Elba Rashani,Clermont Foot,1993,55,54,0.12,0.12,0.25,0.2,0.15
Marcus Rashford,Manchester United,1997,85,88,0.53,0.16,0.69,0.48,0.11
Giacomo Raspadori,Napoli,2000,13,33,0.2,0.2,0.4,0.35,0.13
Rafael Rat�o,Toulouse,1995,61,83,0.24,0.19,0.44,0.25,0.2
Rayan Raveloson,Auxerre,1997,36,100,0.07,0.04,0.11,0.09,0.03
Ante Rebi?,Milan,1993,17,29,0.28,0.18,0.46,0.32,0.19
Arkadiusz Reca,Spezia,1995,82,79,0.04,0.04,0.08,0.04,0.09
Harrison Reed,Fulham,1995,30,102,0.09,0.13,0.22,0.06,0.13
Bobby Reid,Fulham,1993,46,63,0.15,0.04,0.18,0.14,0.06
Reinier,Girona,2002,13,25,0.28,0.14,0.42,0.17,0.08
Karim Rekik,Sevilla,1994,13,50,0.08,0.08,0.15,0.06,0.01
Marco Reus,Dortmund,1989,33,45,0.4,0.27,0.67,0.34,0.17
Gio Reyna,Dortmund,2002,23,25,1.01,0.29,1.3,0.62,0.18
Nico Ribaudo,Espanyol,2001,40,57,0.07,0.14,0.22,0.27,0.17
Samuele Ricci,Torino,2001,43,104,0.09,0.04,0.13,0.07,0.08
Declan Rice,West Ham,1999,88,240,0.11,0.03,0.14,0.07,0.09
Richarlison,Tottenham,1997,33,28,0.09,0.27,0.36,0.29,0.2
Marco Richter,Hertha BSC,1997,38,68,0.29,0.25,0.54,0.18,0.14
Tom�s Rinc�n,Sampdoria,1988,27,122,0,0.07,0.07,0.02,0.04
Renaud Ripart,Troyes,1993,28,47,0.27,0.07,0.34,0.24,0.13
Rodrigo Riquelme,Girona,2000,116,85,0.17,0.17,0.33,0.17,0.15
Sergi Roberto,Barcelona,1992,47,97,0.28,0.07,0.34,0.17,0.06
Lucas Robertone,Almer�a,1997,47,155,0.06,0.22,0.28,0.08,0.21
Marc Roca,Leeds United,1996,25,172,0.04,0.08,0.12,0.08,0.11
Sebastian Rode,Eint Frankfurt,1990,23,105,0.25,0.06,0.32,0.06,0.06
Rodri,Manchester City,1996,76,260,0.06,0.19,0.25,0.14,0.13
Rodrigo,Leeds United,1991,40,44,0.6,0.05,0.65,0.38,0.08
Rodrigo,Betis,2000,57,102,0.11,0.17,0.28,0.08,0.12
Dani Rodr�guez,Mallorca,1988,43,76,0.13,0.26,0.39,0.1,0.14
Miguel Rodr�guez,Celta Vigo,2003,10,6,0.36,0.36,0.71,0.07,0.05
Rodrygo,Real Madrid,2001,146,81,0.34,0.3,0.64,0.52,0.26
Rog�rio,Sassuolo,1998,110,185,0,0.09,0.09,0.02,0.08
Merlin R�hl,Freiburg,2002,2,1,0,1.58,1.58,0,0.73
Cristian Romero,Tottenham,1998,19,92,0,0.04,0.04,0.06,0.05
Oriol Romeu,Girona,1991,15,133,0.06,0,0.06,0.05,0.03
Cristiano Ronaldo,Manchester United,1985,9,12,0.17,0,0.17,0.32,0.07
Valentin Rongier,Marseille,1994,57,238,0.03,0.06,0.09,0.05,0.08
Marten de Roon,Atalanta,1991,18,171,0.09,0.03,0.12,0.03,0.06
Joe Rothwell,Bournemouth,1995,12,33,0,0.09,0.09,0.01,0.09
Anthony Rouault,Toulouse,2001,10,136,0.05,0.03,0.08,0.09,0.02
Nicol� Rovella,Monza,2001,26,99,0.05,0.1,0.16,0.06,0.11
Amir Rrahmani,Napoli,1994,23,135,0.07,0.04,0.11,0.07,0.04
Matteo Ruggeri,Atalanta,2002,22,55,0,0.11,0.11,0.06,0.1
M�rio Rui,Napoli,1991,52,153,0,0.31,0.31,0.03,0.2
Fabi�n Ruiz Pe�a,Paris S-G,1996,32,128,0.14,0.1,0.24,0.13,0.1
Georginio Rutter,Leeds United,2002,5,6,0,0.33,0.33,0.13,0.1
Georginio Rutter,Hoffenheim,2002,32,25,0.18,0.18,0.36,0.27,0.21
Julian Ryerson,Dortmund,1997,54,55,0.06,0.06,0.13,0.03,0.1
Youssouf Sabaly,Betis,1993,41,72,0.05,0.05,0.11,0.02,0.04
Marcel Sabitzer,Bayern Munich,1994,7,52,0.14,0.14,0.29,0.15,0.05
Falaye Sacko,Montpellier,1995,50,76,0.03,0.1,0.14,0.03,0.04
Alexis Saelemaekers,Milan,1999,52,52,0.13,0.19,0.32,0.16,0.27
Allan Saint-Maximin,Newcastle United,1997,93,69,0.08,0.4,0.48,0.13,0.37
Th�o Sainte-Luce,Montpellier,1998,5,14,0.17,0.17,0.34,0.07,0.13
Bukayo Saka,Arsenal,2001,179,109,0.4,0.31,0.71,0.32,0.24
Hamza Sakhi,Auxerre,1996,43,135,0.05,0.11,0.16,0.09,0.17
Mohamed Salah,Liverpool,1992,120,149,0.52,0.33,0.85,0.59,0.21
Amine Salama,Angers,2000,35,21,0.22,0.07,0.29,0.22,0.11
William Saliba,Arsenal,2001,13,99,0.07,0.04,0.11,0.03,0.04
Roland Sallai,Freiburg,1997,22,17,0.09,0.27,0.36,0.24,0.11
Lazar Samardzic,Udinese,2002,34,100,0.24,0.19,0.44,0.12,0.18
Mama Samba Bald�,Troyes,1995,51,56,0.41,0.1,0.51,0.36,0.07
Junior Sambia,Salernitana,1996,23,27,0,0.13,0.13,0.08,0.21
Samuel,Valencia,1999,144,93,0.19,0.03,0.22,0.24,0.07
Antonio Sanabria,Torino,1996,17,46,0.44,0.15,0.59,0.34,0.11
Oihan Sancet,Athletic Club,2000,91,159,0.36,0.07,0.43,0.27,0.15
Alexis S�nchez,Marseille,1988,42,127,0.47,0.1,0.57,0.42,0.2
Iv�n S�nchez,Valladolid,1992,58,65,0.08,0.08,0.16,0.06,0.12
Jadon Sancho,Manchester United,2000,88,76,0.32,0.16,0.48,0.22,0.27
Leroy San�,Bayern Munich,1996,77,134,0.36,0.31,0.67,0.38,0.19
Morgan Sanson,Strasbourg,1994,43,60,0.06,0.13,0.19,0.2,0.14
Nicola Sansone,Bologna,1991,17,13,0.49,0.24,0.73,0.34,0.12
Riccardo Saponara,Fiorentina,1991,56,56,0.3,0.22,0.52,0.21,0.26
Muhammed Saracevic Cham,Clermont Foot,2000,71,106,0.32,0.18,0.5,0.27,0.14
Amin Sarr,Lyon,2001,12,9,0.17,0.17,0.34,0.21,0.07
Martin Satriano,Empoli,2001,29,22,0.11,0.05,0.16,0.2,0.07
T�ji Savanier,Montpellier,1991,48,205,0.42,0.14,0.57,0.3,0.21
Giorgio Scalvini,Atalanta,2003,22,158,0.08,0.08,0.15,0.08,0.01
Fabian Sch�r,Newcastle United,1991,27,139,0.03,0.08,0.11,0.14,0.09
Patrik Schick,Leverkusen,1996,8,11,0.29,0.1,0.38,0.44,0.05
Xaver Schlager,RB Leipzig,1997,23,77,0.06,0.06,0.12,0.02,0.04
Nico Schlotterbeck,Dortmund,1999,39,159,0.16,0.2,0.36,0.06,0.07
Jeffrey Schlupp,Crystal Palace,1992,32,98,0.11,0.04,0.14,0.11,0.05
Romano Schmid,Werder Bremen,2000,34,75,0.06,0.18,0.24,0.09,0.12
Haris Seferovi?,Celta Vigo,1992,12,17,0.3,0.1,0.41,0.19,0.05
Paul Seguin,Union Berlin,1995,13,49,0.13,0.39,0.52,0.16,0.26
Davie Selke,Hertha BSC,1995,3,5,0.32,0.32,0.64,0.39,0.28
Marcos Senesi,Bournemouth,1997,9,66,0.07,0,0.07,0.06,0.02
Stefano Sensi,Monza,1995,27,143,0.17,0.06,0.22,0.08,0.12
Suat Serdar,Hertha BSC,1997,33,78,0.18,0.09,0.27,0.09,0.07
Leonardo Sernicola,Cremonese,1997,60,62,0.08,0.08,0.16,0.05,0.09
Stephan El Shaarawy,Roma,1992,58,66,0.41,0.12,0.53,0.33,0.08
Luke Shaw,Manchester United,1995,53,140,0.04,0.07,0.11,0.04,0.13
Eldor Shomurodov,Spezia,1995,7,15,0.11,0.11,0.22,0.31,0.15
Andr� Silva,RB Leipzig,1995,35,37,0.21,0.16,0.36,0.47,0.15
Bernardo Silva,Manchester City,1994,90,130,0.16,0.2,0.37,0.09,0.13
Caio Henrique Oliveira Silva,Monaco,1997,56,197,0.03,0.28,0.31,0.02,0.16
David Silva,Real Sociedad,1986,70,162,0.09,0.23,0.33,0.18,0.17
Abdallah Sima,Angers,2001,38,21,0.25,0.05,0.29,0.24,0.11
Mohamed Simakan,RB Leipzig,2000,32,88,0.06,0.06,0.12,0.1,0.08
Giovanni Simeone,Napoli,1995,11,9,0.88,0.22,1.11,0.3,0.26
Moses Simon,Nantes,1995,138,62,0.19,0.15,0.35,0.18,0.14
Lassine Sinayoko,Auxerre,1999,49,74,0.06,0.11,0.17,0.18,0.16
Wilfried Singo,Torino,2000,54,67,0.09,0.04,0.13,0.12,0.08
Ibrahima Sissoko,Strasbourg,1997,18,67,0,0.14,0.14,0.05,0.06
Tim Skarke,Schalke 04,1996,4,13,0.2,0.2,0.41,0.11,0.17
Ellyes Skhiri,Koln,1995,50,155,0.22,0.03,0.25,0.17,0.06
Robert Skov,Hoffenheim,1996,43,49,0.2,0.13,0.33,0.23,0.12
Islam Slimani,Brest,1988,11,26,0.09,0.09,0.18,0.23,0.11
Chris Smalling,Roma,1989,5,51,0.1,0.03,0.13,0.05,0.01
Eduard Sobol,Strasbourg,1995,16,34,0,0.1,0.1,0.01,0.08
Rub�n Sobrino,Cediz,1992,45,46,0.11,0.07,0.18,0.18,0.08
Dominic Solanke,Bournemouth,1997,70,47,0.19,0.22,0.41,0.29,0.12
Ola Solbakken,Roma,1998,5,14,0.18,0.36,0.54,0.11,0.29
Carlos Soler,Paris S-G,1997,18,53,0.23,0.15,0.38,0.12,0.11
Brandon Soppy,Atalanta,2002,23,33,0,0.42,0.42,0.05,0.23
Roberto Soriano,Bologna,1991,30,56,0.07,0.2,0.27,0.04,0.17
Borna Sosa,Stuttgart,1998,58,128,0.09,0.32,0.41,0.05,0.3
Florian Sotoca,Lens,1990,53,186,0.21,0.27,0.47,0.31,0.24
Tom� Sou?ek,West Ham,1995,11,88,0.06,0.1,0.16,0.13,0.06
Dyego Sousa,Almer�a,1989,10,16,0,0.17,0.17,0.2,0.17
Harry Souttar,Leicester City,1998,6,29,0,0.09,0.09,0.13,0.02
Vinicius Souza,Espanyol,1999,13,82,0.04,0.04,0.07,0.03,0.02
Leonardo Spinazzola,Roma,1993,107,63,0.05,0.22,0.27,0.06,0.11
Anton Stach,Mainz 05,1998,37,106,0.04,0.17,0.22,0.1,0.16
Jens Stage,Werder Bremen,1996,19,61,0.15,0.15,0.29,0.15,0.09
Pascal Stenzel,Stuttgart,1996,3,13,0,0.27,0.27,0.01,0.16
Raheem Sterling,Chelsea,1994,81,59,0.29,0.14,0.43,0.29,0.22
Angelo Stiller,Hoffenheim,2001,4,34,0.13,0.13,0.26,0.04,0.06
Lars Stindl,M'Gladbach,1988,22,77,0.42,0.36,0.78,0.26,0.32
Kevin St�ger,Bochum,1993,43,214,0.17,0.1,0.28,0.15,0.2
John Stones,Manchester City,1994,28,101,0.1,0.1,0.2,0.05,0.07
J�rgen Strand Larsen,Celta Vigo,2000,17,14,0.21,0.21,0.42,0.3,0.11
Gabriel Strefezza,Lecce,1997,72,107,0.29,0.15,0.44,0.23,0.16
Pascal Struijk,Leeds United,1999,24,119,0.08,0.04,0.12,0.06,0.1
Dami�n Su�rez,Getafe,1988,21,80,0.05,0.05,0.09,0.05,0.08
Gabriel Suazo,Toulouse,1997,26,79,0,0.07,0.07,0.01,0.06
Isaac Success,Udinese,1996,37,53,0.05,0.3,0.35,0.17,0.2
Niklas S�le,Dortmund,1995,37,137,0.08,0.13,0.21,0.09,0.09
Kamaldeen Sulemana,Southampton,2002,32,36,0.19,0.09,0.28,0.16,0.12
Crysencio Summerville,Leeds United,2001,51,45,0.25,0.13,0.38,0.18,0.1
Suso,Sevilla,1993,27,86,0.17,0.34,0.51,0.1,0.24
Mattias Svanberg,Wolfsburg,1999,29,74,0.2,0.29,0.49,0.22,0.25
Issiaga Sylla,Montpellier,1994,28,82,0.07,0.21,0.28,0.05,0.14
Dominik Szoboszlai,RB Leipzig,2000,75,151,0.22,0.29,0.52,0.2,0.3
Alexander S�rloth,Real Sociedad,1995,41,20,0.45,0.11,0.57,0.48,0.16
Nicol�s Tagliafico,Lyon,1992,38,156,0.03,0.09,0.12,0.07,0.13
Flavien Tait,Rennes,1993,52,154,0.11,0.11,0.21,0.13,0.12
Montassar Talbi,Lorient,1998,13,61,0.03,0.05,0.08,0.02,0.01
Renato Tapia,Celta Vigo,1995,12,68,0,0,0,0.06,0.07
Edmond Tapsoba,Leverkusen,1999,40,169,0.03,0,0.03,0.09,0.03
Florian Tardieu,Troyes,1992,20,83,0.27,0,0.27,0.26,0.09
James Tarkowski,Everton,1992,13,106,0.03,0.03,0.05,0.08,0.08
Marcus Tavernier,Bournemouth,1999,67,56,0.26,0.21,0.46,0.16,0.15
Enzo Tchato,Montpellier,2002,25,34,0.08,0.08,0.16,0.03,0.09
Ram�n Terrats,Villarreal,2000,21,45,0.11,0.11,0.22,0.1,0.16
Martin Terrier,Rennes,1997,34,60,0.61,0.27,0.89,0.38,0.23
Aleksa Terzi?,Fiorentina,1999,49,40,0.1,0.1,0.19,0.04,0.18
Tet�,Lyon,2000,49,52,0.49,0.16,0.65,0.35,0.1
Kenny Tete,Fulham,1995,75,103,0.04,0.18,0.21,0.02,0.07
Jan Thielmann,Koln,2002,27,19,0.21,0.21,0.41,0.11,0.09
Sada Thioub,Angers,1995,23,57,0.08,0.17,0.25,0.11,0.16
Adrien Thomasson,Lens,1993,17,49,0.35,0.35,0.7,0.21,0.19
Kristian Thorstvedt,Sassuolo,1999,31,60,0.16,0.08,0.24,0.17,0.09
Kh�phren Thuram,Nice,2001,92,128,0.07,0.14,0.21,0.11,0.18
Marcus Thuram,M'Gladbach,1997,75,46,0.47,0.21,0.68,0.59,0.19
Youri Tielemans,Leicester City,1997,35,181,0.12,0.08,0.19,0.1,0.18
Steffen Tigges,Koln,1998,20,31,0.34,0.06,0.39,0.28,0.11
Karl Toko Ekambi,Rennes,1992,30,21,0.28,0.19,0.46,0.33,0.13
Karl Toko Ekambi,Lyon,1992,58,36,0.27,0.13,0.4,0.3,0.2
Corentin Tolisso,Lyon,1994,32,230,0.04,0.09,0.13,0.08,0.2
Rafael Tol�i,Atalanta,1990,21,148,0.06,0.03,0.1,0.09,0.04
Tiago Tom�s,Stuttgart,2002,31,25,0.21,0.21,0.42,0.2,0.25
Fikayo Tomori,Milan,1997,26,122,0.03,0.03,0.07,0.04,0.03
Sandro Tonali,Milan,2000,61,159,0.07,0.23,0.3,0.08,0.19
Ivan Toney,Brentford,1996,14,79,0.61,0.12,0.73,0.57,0.15
Ferr�n Torres,Barcelona,2000,43,44,0.26,0.13,0.39,0.32,0.26
�liver Torres,Sevilla,1994,38,136,0.13,0.04,0.17,0.11,0.14
Lucas Torr�,Osasuna,1994,12,98,0.04,0,0.04,0.05,0.01
Souleymane Tour�,Auxerre,2003,11,45,0.06,0,0.06,0.08,0.02
Lucas Tousart,Hertha BSC,1997,37,93,0.15,0.06,0.21,0.11,0.06
Adama Traor�,Wolves,1996,85,36,0.12,0.06,0.18,0.08,0.23
Hamari Traor�,Rennes,1992,55,159,0.04,0.14,0.18,0.07,0.09
�scar Trejo,Rayo Vallecano,1988,56,123,0.13,0.17,0.29,0.14,0.14
Kieran Trippier,Newcastle United,1990,45,260,0.03,0.19,0.22,0.02,0.33
Leandro Trossard,Arsenal,1994,36,57,0.1,0.97,1.06,0.18,0.46
Leandro Trossard,Brighton,1994,40,67,0.48,0.14,0.62,0.3,0.14
Frank Tsadjout,Cremonese,1999,15,18,0.26,0.09,0.34,0.17,0.05
Viktor Tsyhankov,Girona,1997,63,46,0.18,0.36,0.54,0.17,0.17
Tuta,Eint Frankfurt,1999,23,107,0.07,0.03,0.1,0.08,0.03
Iyenoma Udogie,Udinese,2002,109,106,0.1,0.13,0.23,0.1,0.14
Ike Ugbo,Troyes,1998,9,8,0.2,0.1,0.3,0.22,0.05
Enes �nal,Getafe,1997,29,55,0.42,0.09,0.52,0.36,0.11
Cengiz �nder,Marseille,1997,69,115,0.18,0.14,0.33,0.3,0.29
Jere Uronen,Brest,1994,3,15,0,0.3,0.3,0.01,0.06
Josha Vagnoman,Stuttgart,2000,27,43,0.12,0.12,0.24,0.18,0.1
Emanuele Valeri,Cremonese,1998,111,90,0.06,0.1,0.16,0.07,0.15
Enrique Valiente,Sevilla,2002,3,14,0.24,0.24,0.49,0.04,0.05
Manu Vallejo,Girona,1997,7,10,0,0.44,0.44,0.01,0.12
Federico Valverde,Real Madrid,1998,70,151,0.25,0.14,0.4,0.15,0.23
Virgil van Dijk,Liverpool,1991,10,127,0.1,0.03,0.13,0.08,0.04
Vanderson,Monaco,2001,50,108,0.04,0.16,0.2,0.1,0.14
Jamie Vardy,Leicester City,1987,16,14,0.15,0.19,0.34,0.33,0.07
Ruben Vargas,Augsburg,1998,32,42,0.24,0.32,0.56,0.09,0.18
Lucas V�zquez,Real Madrid,1991,31,50,0.31,0.08,0.39,0.15,0.13
Gabriel Veiga,Celta Vigo,2002,68,109,0.43,0.16,0.59,0.24,0.1
Milo� Veljkovi?,Werder Bremen,1995,5,81,0.04,0.08,0.12,0.02,0.03
Jo�l Veltman,Brighton,1992,43,153,0.04,0.04,0.08,0.07,0.03
Micky van de Ven,Wolfsburg,2001,43,111,0.03,0.03,0.06,0.04,0.04
Jordan Veretout,Marseille,1993,59,248,0.13,0.09,0.22,0.12,0.12
Mikel Vesga,Athletic Club,1993,26,199,0.1,0.1,0.21,0.14,0.05
Fabio Vieira,Arsenal,2000,8,35,0.18,0.35,0.53,0.15,0.44
Tonny Vilhena,Salernitana,1995,30,80,0.16,0.04,0.2,0.1,0.07
Toni Villa,Girona,1995,37,38,0.1,0.3,0.4,0.1,0.16
Gonzalo Villar,Getafe,1998,13,27,0,0,0,0.02,0.06
Mat�as Vi�a,Bournemouth,1997,10,17,0.39,0,0.39,0.17,0.03
Carlos Vin�cius,Fulham,1995,9,15,0.41,0.16,0.57,0.27,0.06
Vitinha,Marseille,2000,3,9,0.39,0,0.39,0.77,0.03
Vitinha,Paris S-G,2000,50,137,0.07,0.11,0.18,0.11,0.11
Du�an Vlahovi?,Juventus,2000,22,40,0.47,0.09,0.56,0.45,0.11
Nikola Vla�i?,Torino,1997,85,106,0.16,0.2,0.36,0.14,0.14
M�rgim Vojvoda,Torino,1995,30,125,0,0.26,0.26,0.08,0.19
Kevin Volland,Monaco,1992,6,31,0.42,0.28,0.7,0.25,0.23
Cristian Volpato,Roma,2003,8,18,0.4,0.4,0.79,0.14,0.47
Stefan de Vrij,Inter,1992,13,55,0.05,0,0.05,0.1,0.01
Elye Wahi,Montpellier,2003,57,25,0.68,0.18,0.86,0.44,0.13
Theo Walcott,Southampton,1989,21,14,0.16,0.16,0.32,0.18,0.16
Kyle Walker-Peters,Southampton,1997,102,97,0.03,0,0.03,0.03,0.05
Joel Ward,Crystal Palace,1989,22,101,0.04,0,0.04,0.04,0.02
James Ward-Prowse,Southampton,1994,19,189,0.24,0.11,0.35,0.15,0.17
Ollie Watkins,Aston Villa,1995,50,39,0.43,0.17,0.6,0.47,0.11
Wout Weghorst,Manchester United,1992,3,17,0,0.11,0.11,0.23,0.13
Mitchell Weiser,Werder Bremen,1994,62,120,0.07,0.32,0.39,0.09,0.2
Danny Welbeck,Brighton,1990,31,49,0.29,0.15,0.44,0.46,0.21
Timo Werner,RB Leipzig,1996,65,51,0.42,0.14,0.56,0.42,0.15
Ben White,Arsenal,1997,64,249,0.06,0.15,0.21,0.04,0.09
Silvan Widmer,Mainz 05,1993,14,54,0.11,0.11,0.21,0.13,0.11
I�aki Williams,Athletic Club,1994,127,61,0.32,0.1,0.41,0.34,0.15
Nico Williams,Athletic Club,2002,174,80,0.2,0.14,0.34,0.17,0.22
Willian,Fulham,1988,97,113,0.21,0.21,0.42,0.14,0.19
Joe Willock,Newcastle United,1999,97,121,0.11,0.21,0.32,0.25,0.21
Callum Wilson,Newcastle United,1992,27,19,0.86,0.24,1.1,0.84,0.13
Harry Wilson,Fulham,1997,18,37,0.16,0.25,0.41,0.16,0.07
Patrick Wimmer,Wolfsburg,2001,42,64,0.22,0.44,0.66,0.24,0.27
Florian Wirtz,Leverkusen,2003,36,80,0.08,0.5,0.58,0.06,0.32
Yoane Wissa,Brentford,1996,24,27,0.39,0.17,0.56,0.32,0.14
Hannes Wolf,M'Gladbach,1999,12,13,0.2,0.2,0.4,0.29,0.05
Marius Wolf,Dortmund,1995,60,91,0.06,0.06,0.11,0.07,0.16
Jeong Woo-yeong,Freiburg,1999,18,19,0.14,0.14,0.28,0.29,0.17
Joe Worrall,Nott'ham Forest,1997,5,67,0.04,0,0.04,0.03,0.03
Granit Xhaka,Arsenal,1992,42,196,0.21,0.21,0.42,0.14,0.16
Yusuf Yaz?c?,Lille,1997,5,17,0.45,0.45,0.9,0.07,0.26
Kelvin Yeboah,Augsburg,2000,13,6,0.25,0.25,0.51,0.36,0.1
Darlin Yongwa,Lorient,2000,29,24,0.12,0.12,0.23,0.08,0.19
Mattia Zaccagni,Lazio,1995,118,76,0.32,0.19,0.52,0.22,0.15
Wilfried Zaha,Crystal Palace,1992,86,75,0.28,0.08,0.35,0.26,0.11
Rodrigo Zalazar,Schalke 04,1999,26,34,0.07,0.41,0.48,0.21,0.31
Nicola Zalewski,Roma,2002,92,85,0.08,0.04,0.12,0.05,0.05
Andre-Frank Zambo Anguissa,Napoli,1995,58,181,0.09,0.15,0.24,0.13,0.08
Alessandro Zanoli,Sampdoria,2000,50,36,0.12,0.18,0.29,0.15,0.07
Duv�n Zapata,Atalanta,1991,35,40,0.13,0.13,0.26,0.25,0.07
Davide Zappacosta,Atalanta,1992,48,55,0.24,0.12,0.37,0.09,0.1
Marvin Zeegelaar,Udinese,1990,6,9,0.25,0,0.25,0.05,0.04
Mehdi Zeffane,Clermont Foot,1992,9,18,0.14,0.14,0.27,0.15,0.1
Edon Zhegrova,Lille,1999,74,52,0.26,0.34,0.6,0.31,0.39
Piotr Zieli?ski,Napoli,1994,62,128,0.12,0.31,0.43,0.14,0.29
Oleksandr Zinchenko,Arsenal,1996,67,227,0.04,0.08,0.13,0.06,0.06
Joshua Zirkzee,Bologna,2001,10,17,0.22,0.22,0.44,0.34,0.15
Simon Zoller,Bochum,1991,10,21,0.19,0.12,0.31,0.26,0.07
Igor Zubeldia,Real Sociedad,1997,14,128,0.04,0.04,0.07,0.03,0.01
Mart�n Zubimendi,Real Sociedad,1999,43,184,0.03,0.09,0.12,0.06,0.06
Martin �degaard,Arsenal,1998,83,266,0.43,0.2,0.63,0.29,0.23
Milan ?uri?,Hellas Verona,1990,2,29,0.07,0.07,0.13,0.09,0.08